Date,Open,High,Low,Close,volume,market cap (USD)
1/25/2019,117.34,117.64,115.56,115.99,1573729.08,182542181.70
1/24/2019,117.57,118.01,115.36,117.28,1500860.29,176024827.80
1/23/2019,118.66,119.64,116.75,117.42,1285740.94,150973310.60
1/22/2019,116.92,119.64,114.00,118.68,1705417.59,202390726.40
1/21/2019,119.07,119.18,115.33,116.69,1514263.23,176698948.60
1/20/2019,124.34,124.63,118.26,119.03,1831871.41,218039115.00
1/19/2019,120.16,125.73,120.16,124.42,1497295.39,186291845.10
1/18/2019,123.43,123.66,119.83,120.26,1523746.13,183244205.60
1/17/2019,123.18,124.04,119.81,123.55,1588389.83,196253137.00
1/16/2019,121.31,126.75,120.77,123.23,1678784.07,206879400.90
1/15/2019,129.10,130.63,119.77,121.59,1934215.56,235174131.50
1/14/2019,116.76,131.02,116.75,129.49,2000630.72,259066084.70
1/13/2019,125.73,125.76,115.73,116.76,1592086.88,185899387.40
1/12/2019,127.19,128.05,125.14,125.49,1188320.10,149125482.40
1/11/2019,127.72,129.56,124.25,126.84,1596959.15,202551211.60
1/10/2019,150.67,151.88,125.24,128.33,2472420.72,317283602.20
1/9/2019,150.45,154.13,150.25,150.76,1362614.48,205432103.30
1/8/2019,151.84,153.66,148.83,150.39,1549753.20,233069380.10
1/7/2019,158.06,159.15,151.06,151.68,1550758.84,235224332.30
1/6/2019,156.16,160.73,152.09,158.38,1659770.51,262866558.00
1/5/2019,155.47,162.05,155.47,156.30,1663655.52,260035184.10
1/4/2019,149.69,157.89,148.33,155.74,1788099.50,278487385.20
1/3/2019,156.19,156.81,147.51,149.61,1552345.49,232246391.10
1/2/2019,141.63,158.39,141.03,156.73,1821326.75,285449534.20
1/1/2019,133.49,142.26,132.66,140.94,1449835.80,204344639.30
12/31/2018,140.90,141.08,132.65,133.64,1484125.75,198335218.40
12/30/2018,137.69,141.66,134.53,140.83,1733228.68,244090573.00
12/29/2018,138.73,147.59,135.19,138.72,2008848.02,278666068.10
12/28/2018,116.55,139.06,115.44,137.46,2301816.04,316412231.80
12/27/2018,132.36,133.31,115.22,116.38,2099472.54,244329122.60
12/26/2018,130.79,138.07,126.54,132.13,1781146.14,235345606.80
12/25/2018,141.08,141.20,124.82,130.14,2417488.62,314613021.90
12/24/2018,131.47,159.80,131.47,139.85,3272582.36,457685046.70
12/23/2018,117.49,134.11,117.49,131.57,1951514.08,256764337.50
12/22/2018,109.84,117.38,107.87,117.38,1324716.71,155499941.10
12/21/2018,116.40,119.96,108.02,110.11,2037841.75,224382203.60
12/20/2018,101.35,117.29,100.89,116.73,2443381.57,285226246.50
12/19/2018,101.66,108.94,100.75,101.54,2355432.80,239162778.60
12/18/2018,95.38,101.80,93.16,101.44,1520809.30,154275920.50
12/17/2018,85.62,97.33,85.39,95.38,1880886.99,179395600.70
12/16/2018,84.62,87.86,84.61,85.49,1174311.63,100389937.10
12/15/2018,84.55,85.61,82.90,84.71,1122738.13,95109099.16
12/14/2018,86.83,87.45,83.31,84.43,1373308.38,115955055.50
12/13/2018,90.33,91.30,85.77,86.50,1439357.82,124503559.10
12/12/2018,88.34,91.97,87.56,90.25,1319752.67,119101675.00
12/11/2018,90.78,91.94,86.62,88.41,1341132.01,118565236.30
12/10/2018,94.32,95.71,89.74,90.81,1351302.55,122715250.00
12/9/2018,91.21,99.07,89.85,94.49,1588905.13,150133978.40
12/8/2018,93.52,97.74,85.66,91.61,1982027.03,181567992.10
12/7/2018,91.08,96.57,82.98,93.14,3431615.22,319605587.90
12/6/2018,101.78,103.58,91.11,91.36,2527568.86,230914188.70
12/5/2018,110.19,110.59,101.86,101.86,1646338.76,167688826.50
12/4/2018,108.44,113.20,107.05,110.01,1265085.71,139174626.10
12/3/2018,116.21,116.39,107.25,108.41,1378360.58,149431804.70
12/2/2018,118.42,120.30,115.93,116.15,948423.71,110155401.70
12/1/2018,113.29,120.32,111.42,118.44,1263123.92,149604068.10
11/30/2018,117.55,119.43,111.68,113.10,1599960.40,180959527.30
11/29/2018,122.64,123.28,115.00,117.46,1751987.22,205782723.00
11/28/2018,110.00,125.42,110.00,122.36,2238263.98,273879101.10
11/27/2018,108.21,111.92,102.00,109.83,1997690.69,219402161.70
11/26/2018,116.18,118.19,105.13,108.21,2761639.38,298828773.40
11/25/2018,112.47,118.91,100.66,116.51,3021321.22,352006252.30
11/24/2018,122.83,126.93,109.98,113.02,1767642.47,199774026.80
11/23/2018,124.65,126.32,119.14,122.91,2010526.52,247107933.80
11/22/2018,136.18,137.81,125.46,125.46,1358787.65,170477640.20
11/21/2018,130.63,138.84,125.09,136.58,2277471.12,311056151.00
11/20/2018,147.85,150.89,125.29,130.85,3715693.67,486207058.30
11/19/2018,176.62,176.62,145.51,148.36,2539537.60,376766567.70
11/18/2018,173.32,178.85,173.30,175.95,830377.70,146107803.20
11/17/2018,174.09,174.80,172.02,173.20,752348.30,130305718.40
11/16/2018,180.57,180.87,171.29,174.31,1145309.05,199637026.10
11/15/2018,181.73,184.06,168.55,180.63,1705277.40,308021379.30
11/14/2018,204.92,206.21,171.21,180.53,2319251.42,418685732.90
11/13/2018,209.59,209.76,204.45,205.05,773971.14,158706371.50
11/12/2018,210.59,211.79,208.31,209.78,686135.27,143937604.20
11/11/2018,211.18,211.82,207.76,210.52,654582.56,137800239.30
11/10/2018,209.54,212.84,209.34,210.98,586785.72,123799680.50
11/9/2018,212.65,214.02,208.24,209.66,657499.82,137854373.00
11/8/2018,217.55,218.78,212.29,212.29,752675.97,159787475.80
11/7/2018,218.87,222.22,216.26,217.54,1007511.73,219176204.70
11/6/2018,208.96,219.19,207.67,219.19,1000237.43,219237369.60
11/5/2018,210.80,211.04,206.49,208.87,748911.50,156426439.80
11/4/2018,198.97,216.36,198.19,210.87,1058189.49,223137349.80
11/3/2018,200.27,200.48,198.46,199.04,614288.25,122268832.30
11/2/2018,198.03,201.44,198.02,200.25,770399.19,154274776.50
11/1/2018,197.38,198.36,196.63,198.00,656354.68,129961108.80
10/31/2018,195.84,197.97,193.22,197.33,817105.46,161238708.40
10/30/2018,195.11,196.27,194.22,196.12,705646.78,138388159.80
10/29/2018,203.24,203.51,193.76,195.11,871907.57,170117959.40
10/28/2018,202.20,203.50,201.29,203.08,618806.33,125665456.40
10/27/2018,201.63,202.69,200.50,201.54,626621.29,126287765.60
10/26/2018,200.21,204.32,199.38,201.61,856077.50,172593834.30
10/25/2018,201.53,202.22,199.55,200.83,751378.35,150896767.70
10/24/2018,202.11,203.93,201.23,201.92,729687.31,147341603.20
10/23/2018,202.28,203.36,199.38,202.48,802218.15,162434206.40
10/22/2018,203.90,206.13,200.95,202.31,732122.77,148119357.90
10/21/2018,204.90,207.76,203.55,204.61,696320.86,142477634.70
10/20/2018,203.29,206.08,200.98,204.90,737757.85,151168698.80
10/19/2018,202.42,204.47,200.85,203.24,806314.91,163875518.50
10/18/2018,205.42,207.07,200.61,202.45,969556.69,196288931.60
10/17/2018,208.29,208.94,203.90,205.43,801729.15,164702076.20
10/16/2018,209.05,212.88,206.37,208.35,901000.80,187723554.30
10/15/2018,193.31,223.20,191.51,209.61,2235711.86,468628179.90
10/14/2018,198.09,200.79,191.96,193.69,809900.66,156866634.50
10/13/2018,195.65,202.54,195.41,198.73,725449.84,144166474.70
10/12/2018,190.38,199.49,189.74,196.00,1084346.84,212536817.90
10/11/2018,224.15,224.20,189.16,190.81,1997961.80,381233958.10
10/10/2018,226.75,229.15,222.75,224.80,821753.95,184730551.80
10/9/2018,228.11,229.45,225.66,227.17,754700.99,171442898.00
10/8/2018,225.32,230.24,223.08,228.16,1001720.05,228554857.20
10/7/2018,224.26,225.81,220.99,225.09,702359.14,158095828.90
10/6/2018,225.92,227.05,222.96,223.63,707908.99,158312214.70
10/5/2018,221.56,227.63,219.58,226.00,909519.91,205548843.40
10/4/2018,219.45,225.32,218.71,221.46,884131.88,195803601.20
10/3/2018,225.03,225.16,215.95,219.64,1139778.28,250335870.70
10/2/2018,230.12,230.93,224.02,224.93,852294.31,191705574.40
10/1/2018,232.38,234.31,225.31,230.57,985859.80,227307293.80
9/30/2018,230.84,237.31,226.99,232.32,1145865.62,266206014.30
9/29/2018,221.51,235.11,214.42,231.44,1403875.94,324914803.10
9/28/2018,228.80,232.32,216.81,221.56,1475110.95,326827748.80
9/27/2018,214.26,231.23,210.59,228.47,1434741.70,327801084.10
9/26/2018,218.93,221.67,208.33,215.18,1373209.77,295487028.00
9/25/2018,227.93,227.93,204.97,218.07,1931906.08,421287883.60
9/24/2018,244.40,245.35,225.79,228.55,1340146.56,306290801.40
9/23/2018,240.61,248.60,237.57,243.98,1036560.12,252895869.30
9/22/2018,247.49,253.11,233.67,240.32,1146635.18,275562892.00
9/21/2018,224.64,249.00,221.58,247.79,1937754.42,480157788.60
9/20/2018,209.53,227.08,207.23,224.26,1562417.03,350388408.00
9/19/2018,208.87,213.07,199.11,209.58,1730729.05,362719887.30
9/18/2018,196.43,213.97,194.98,209.79,1494264.12,313476727.00
9/17/2018,220.01,224.39,193.90,196.96,2146040.39,422691029.50
9/16/2018,222.41,222.91,208.66,219.95,1275991.78,280655186.20
9/15/2018,209.61,226.92,209.26,223.05,1477879.86,329639793.70
9/14/2018,210.91,223.29,203.53,211.56,2093933.26,443000820.20
9/13/2018,182.84,214.23,182.84,211.51,2408565.98,509432548.10
9/12/2018,185.08,185.08,168.28,182.66,1844787.25,336977690.60
9/11/2018,196.81,198.44,178.35,183.95,1424563.77,262043308.00
9/10/2018,195.94,201.92,187.63,196.29,1163685.49,228422502.70
9/9/2018,196.99,207.29,186.92,195.87,1277496.81,250226931.30
9/8/2018,215.05,219.43,191.11,196.63,1352044.41,265852318.10
9/7/2018,229.50,233.67,214.79,215.52,1126886.79,242866435.60
9/6/2018,228.58,231.93,213.08,228.59,1651723.99,377562185.60
9/5/2018,285.53,287.63,227.69,227.69,1537737.71,350121487.80
9/4/2018,288.43,291.44,283.01,285.20,519306.40,148106697.80
9/3/2018,294.22,295.25,286.01,288.60,410119.86,118362379.70
9/2/2018,295.52,298.66,289.77,294.93,385716.74,113761138.30
9/1/2018,281.41,301.59,281.41,295.57,514507.47,152070523.00
8/31/2018,284.29,284.56,276.80,282.12,435929.93,122984365.00
8/30/2018,288.93,290.75,273.21,283.77,555421.64,157611934.00
8/29/2018,295.52,296.69,285.22,288.34,427848.56,123367365.70
8/28/2018,286.30,297.38,282.70,295.56,506772.93,149782814.70
8/27/2018,273.88,285.60,271.67,285.60,443590.96,126687867.60
8/26/2018,277.39,277.63,269.53,274.37,329955.21,90530330.57
8/25/2018,283.53,284.19,276.89,277.21,265584.25,73623183.06
8/24/2018,278.23,284.29,274.68,283.14,394604.09,111728028.20
8/23/2018,272.69,280.38,271.57,277.53,476742.64,132310124.50
8/22/2018,282.00,296.45,266.12,272.50,843244.53,229780828.20
8/21/2018,272.50,285.56,272.50,281.62,495775.04,139620650.00
8/20/2018,300.14,303.35,272.77,273.88,624479.40,171030683.40
8/19/2018,295.50,306.35,290.66,300.32,476950.68,143238748.50
8/18/2018,317.19,320.85,284.69,294.39,603419.28,177639193.50
8/17/2018,287.38,315.51,285.89,315.25,785368.26,247590426.50
8/16/2018,281.89,298.10,278.58,286.54,585059.22,167640231.20
8/15/2018,278.12,304.31,278.01,281.72,1039961.98,292977113.10
8/14/2018,284.62,284.62,253.55,276.09,1344535.07,371218551.00
8/13/2018,318.67,320.55,283.12,284.51,875163.08,248995457.90
8/12/2018,318.13,326.95,315.48,317.60,310535.73,98625717.71
8/11/2018,332.81,332.82,305.65,319.87,695258.71,222395206.50
8/10/2018,363.62,365.87,328.63,332.82,520817.56,173340783.90
8/9/2018,356.04,370.06,351.79,363.60,446731.54,162432124.60
8/8/2018,379.24,380.86,351.76,354.05,799439.63,283043230.60
8/7/2018,404.39,410.16,372.37,378.67,495120.84,187486640.50
8/6/2018,409.03,412.37,401.16,404.01,241567.72,97594905.85
8/5/2018,406.90,412.54,400.31,408.40,284348.64,116126995.30
8/4/2018,417.23,418.87,402.91,406.48,307888.77,125150339.70
8/3/2018,411.02,419.11,398.50,417.20,424115.57,176939729.00
8/2/2018,420.26,424.55,408.54,411.06,303534.84,124769615.30
8/1/2018,433.00,435.06,409.24,419.77,464636.82,195038480.00
7/31/2018,457.08,457.63,428.92,433.41,390812.78,169380982.20
7/30/2018,465.89,467.33,447.56,456.86,336100.24,153549448.40
7/29/2018,467.86,470.26,461.67,465.45,187005.17,87040926.68
7/28/2018,469.18,470.59,461.95,466.55,177160.11,82654089.99
7/27/2018,463.32,472.66,456.68,468.70,314453.80,147383466.80
7/26/2018,471.94,483.30,461.31,464.08,299865.73,139162061.50
7/25/2018,479.19,484.48,466.20,472.36,331310.77,156498360.00
7/24/2018,451.00,482.57,450.45,478.64,439197.01,210216940.40
7/23/2018,461.39,471.71,449.77,451.07,406107.93,183184779.10
7/22/2018,463.35,472.54,459.94,461.37,250339.49,115498493.40
7/21/2018,450.67,469.60,444.55,463.48,308267.88,142875372.80
7/20/2018,470.10,470.15,443.71,450.12,467445.81,210408501.70
7/19/2018,481.29,484.47,465.13,469.90,396497.65,186313537.20
7/18/2018,501.47,515.63,473.57,481.70,534216.29,257332988.70
7/17/2018,480.68,510.49,469.67,501.53,540819.89,271234883.30
7/16/2018,452.05,482.27,447.79,481.59,482526.69,232381475.40
7/15/2018,436.20,455.38,434.12,451.84,254521.89,115002965.20
7/14/2018,434.12,440.20,431.06,436.17,215749.27,94103754.89
7/13/2018,431.46,442.28,428.33,433.24,315637.47,136746376.00
7/12/2018,447.33,447.33,422.17,429.63,363696.55,156256494.10
7/11/2018,433.31,448.16,426.54,447.27,353163.53,157960026.70
7/10/2018,472.60,473.49,432.47,433.07,593785.66,257150323.10
7/9/2018,486.93,488.63,470.89,472.70,302976.36,143218331.10
7/8/2018,485.86,494.30,482.30,487.10,292164.81,142314125.60
7/7/2018,470.26,486.37,463.26,485.29,281392.06,136555958.00
7/6/2018,467.87,473.02,452.86,470.25,321250.43,151067346.60
7/5/2018,467.43,476.61,459.83,468.20,411034.53,192447848.40
7/4/2018,462.14,479.33,453.05,466.06,372019.15,173381757.50
7/3/2018,476.12,484.96,460.31,461.77,403554.83,186350209.70
7/2/2018,452.01,480.04,445.46,475.63,446030.30,212147246.20
7/1/2018,453.42,455.75,445.43,451.15,238033.62,107388276.70
6/30/2018,435.01,459.16,435.01,453.48,391414.03,177499032.90
6/29/2018,421.31,441.46,405.79,434.75,560841.69,243827030.20
6/28/2018,441.42,442.87,418.41,421.36,361943.41,152508262.70
6/27/2018,429.99,445.09,422.21,441.20,454200.52,200395073.40
6/26/2018,459.05,461.08,430.12,430.12,470560.57,202395928.30
6/25/2018,455.14,471.78,446.10,458.77,479152.26,219818415.50
6/24/2018,474.52,476.17,422.67,456.08,733375.36,334477185.50
6/23/2018,469.89,481.87,461.03,475.02,315304.30,149774999.30
6/22/2018,527.60,527.60,454.95,468.06,793926.54,371604533.10
6/21/2018,536.54,543.91,525.08,527.51,274316.42,144705597.40
6/20/2018,536.91,538.45,518.12,535.96,357989.98,191866666.20
6/19/2018,517.47,543.36,515.23,536.67,392689.89,210746321.00
6/18/2018,497.76,524.02,491.31,517.52,367734.71,190311232.10
6/17/2018,497.97,507.59,496.29,497.76,237311.27,118124090.40
6/16/2018,487.90,502.03,485.81,498.17,275377.09,137185182.40
6/15/2018,519.97,521.14,484.79,486.52,538539.14,262012183.90
6/14/2018,476.72,525.01,464.19,519.31,925214.36,480471372.30
6/13/2018,496.43,502.37,452.22,476.19,788979.99,375708153.90
6/12/2018,531.36,538.14,487.54,497.70,603975.12,300596135.20
6/11/2018,525.31,535.33,512.21,530.71,552911.49,293435813.40
6/10/2018,594.15,594.15,507.35,524.25,697125.95,365466519.60
6/9/2018,599.90,608.24,594.02,594.02,180297.60,107099648.70
6/8/2018,604.07,607.45,594.01,599.61,239853.62,143818921.70
6/7/2018,606.20,615.29,599.83,603.08,334141.66,201515754.10
6/6/2018,608.19,610.78,593.64,606.33,303089.62,183770925.30
6/5/2018,591.64,611.34,577.52,607.49,363715.55,220952290.30
6/4/2018,619.01,624.40,581.64,592.54,370743.81,219681030.80
6/3/2018,591.19,625.92,591.19,618.57,288742.42,178608199.10
6/2/2018,579.17,599.51,575.71,591.57,322301.12,190663075.10
6/1/2018,577.62,588.86,565.88,579.25,389058.73,225361044.50
5/31/2018,557.93,585.56,555.64,576.57,443317.06,255603728.30
5/30/2018,566.87,584.18,544.50,558.96,468919.71,262106845.00
5/29/2018,513.10,572.58,513.10,564.87,659305.24,372418679.90
5/28/2018,570.47,574.88,508.17,514.56,762503.09,392352205.20
5/27/2018,587.58,590.44,558.80,570.50,408907.16,233283035.90
5/26/2018,585.46,606.85,579.58,586.99,268464.51,157585539.80
5/25/2018,602.51,615.45,570.53,584.39,500949.25,292751040.20
5/24/2018,577.85,609.12,547.95,600.21,749635.42,449938605.10
5/23/2018,642.68,650.64,566.23,581.06,913045.96,530538752.60
5/22/2018,696.98,698.54,641.96,645.41,444135.61,286647854.80
5/21/2018,715.18,717.35,688.71,697.44,212314.84,148076893.60
5/20/2018,696.60,722.42,690.43,715.04,238644.82,170639920.90
5/19/2018,693.24,714.42,683.66,695.46,237761.32,165352821.40
5/18/2018,669.50,693.40,659.45,693.09,364377.75,252547298.70
5/17/2018,706.78,716.97,665.14,670.69,366409.25,245745869.20
5/16/2018,705.95,708.61,680.94,706.47,385948.31,272659005.60
5/15/2018,727.13,737.12,698.61,706.80,412722.33,291711719.70
5/14/2018,729.27,740.86,688.55,727.85,650374.03,473377604.00
5/13/2018,683.67,738.52,670.94,727.27,400775.76,291470554.60
5/12/2018,678.16,689.41,640.35,684.48,504226.75,345132742.60
5/11/2018,724.82,736.03,667.02,677.61,749947.98,508171551.70
5/10/2018,750.97,766.93,725.07,725.07,404422.74,293235620.00
5/9/2018,747.42,758.79,711.49,749.93,469442.11,352047134.50
5/8/2018,752.47,773.92,721.48,749.84,520576.15,390350576.60
5/7/2018,790.25,794.20,697.81,751.56,1140772.57,857361877.40
5/6/2018,815.86,832.50,755.59,790.85,478638.52,378530853.50
5/5/2018,783.45,826.43,780.33,815.74,400906.85,327035710.40
5/4/2018,776.96,802.59,759.81,781.77,556621.66,435149874.70
5/3/2018,687.03,784.55,686.01,780.28,799480.44,623822594.40
5/2/2018,670.80,690.04,665.45,686.97,397634.03,273162131.70
5/1/2018,670.27,674.03,632.55,673.03,562844.22,378808873.90
4/30/2018,688.66,691.98,664.10,668.86,375955.50,251462124.20
4/29/2018,682.63,697.69,668.20,689.12,330894.81,228027323.10
4/28/2018,645.68,692.56,645.68,682.70,377204.47,257517181.90
4/27/2018,661.30,684.74,646.40,651.51,503615.53,328109627.00
4/26/2018,617.83,663.29,602.79,661.75,620369.00,410527243.80
4/25/2018,703.20,703.20,597.62,615.20,1408057.57,866238934.60
4/24/2018,643.86,709.69,643.86,704.57,771341.91,543465264.40
4/23/2018,620.99,646.85,619.23,643.39,387975.62,249618997.60
4/22/2018,605.11,641.38,592.39,622.17,437119.78,271963358.00
4/21/2018,616.64,624.48,576.33,602.90,488115.95,294287484.80
4/20/2018,566.40,618.17,559.89,616.27,701378.36,432239935.00
4/19/2018,525.16,568.87,522.52,568.87,497772.45,283167683.70
4/18/2018,503.34,525.83,503.34,524.50,356591.84,187033777.00
4/17/2018,511.36,520.50,502.29,503.50,393344.50,198050621.90
4/16/2018,533.58,535.92,499.85,511.34,487870.70,249467175.90
4/15/2018,502.62,533.43,502.62,533.43,475748.13,253779499.80
4/14/2018,495.61,513.57,488.55,502.74,387845.37,194987064.60
4/13/2018,492.90,528.03,481.57,493.27,938340.93,462852331.80
4/12/2018,429.92,494.14,414.72,493.63,978900.35,483215799.10
4/11/2018,415.36,432.32,412.01,430.90,406311.89,175079777.10
4/10/2018,399.10,417.09,392.99,414.63,338070.12,140175570.70
4/9/2018,399.89,428.70,388.47,398.65,667294.02,266019317.10
4/8/2018,384.95,402.63,384.95,399.23,289847.46,115716427.60
4/7/2018,370.18,394.10,369.66,385.14,303414.19,116857406.80
4/6/2018,381.38,385.07,364.10,369.96,378300.02,139954482.80
4/5/2018,378.61,385.84,367.99,382.66,434959.57,166443610.80
4/4/2018,415.54,416.49,371.82,379.05,566575.70,214761202.20
4/3/2018,384.78,418.55,381.15,415.04,570438.53,236756066.40
4/2/2018,378.91,393.72,375.85,384.63,418732.03,161055494.80
4/1/2018,394.41,399.51,360.39,377.06,618953.25,233382498.60
3/31/2018,393.74,419.37,390.80,394.50,611312.47,241163478.00
3/30/2018,384.33,410.34,366.95,394.06,1146992.23,451985603.60
3/29/2018,446.62,449.26,381.30,385.34,1128463.46,434845134.30
3/28/2018,449.46,464.53,441.98,445.57,418609.09,186518596.10
3/27/2018,486.27,491.28,448.42,449.42,725244.53,325936978.70
3/26/2018,523.10,525.53,468.93,487.70,571098.53,278525702.30
3/25/2018,520.67,534.27,514.50,522.84,228736.20,119593332.20
3/24/2018,543.41,544.77,524.79,524.79,239393.65,125631853.30
3/23/2018,539.56,540.85,509.42,540.85,434230.49,234851524.10
3/22/2018,559.84,575.88,520.36,538.21,435303.46,234283399.90
3/21/2018,557.40,589.09,546.26,561.03,481154.29,269940795.20
3/20/2018,555.06,565.96,518.33,555.25,610666.41,339070475.00
3/19/2018,537.94,558.19,516.60,552.49,786606.02,434590408.60
3/18/2018,549.97,552.72,455.95,539.91,1589241.18,858047973.00
3/17/2018,600.05,609.39,545.14,551.31,409171.04,225578268.40
3/16/2018,610.83,625.30,585.77,601.20,365769.39,219901754.80
3/15/2018,613.12,620.27,573.23,610.43,574709.65,350822415.60
3/14/2018,689.56,702.41,589.81,612.79,549543.93,336753480.90
3/13/2018,697.33,712.49,680.56,689.42,289487.94,199579706.00
3/12/2018,720.15,739.42,681.47,698.54,295864.31,206673033.30
3/11/2018,683.17,733.11,666.63,722.07,296099.37,213803046.30
3/10/2018,726.30,746.94,680.27,685.07,288318.99,197519392.60
3/9/2018,699.03,728.12,643.59,727.49,596531.30,433971842.10
3/8/2018,750.89,771.99,690.01,700.67,402513.62,282030708.60
3/7/2018,814.85,823.77,727.69,749.94,469766.18,352294781.10
3/6/2018,849.20,850.84,805.66,813.22,245489.06,199636276.40
3/5/2018,863.94,867.58,852.13,852.15,151748.89,129313213.40
3/4/2018,855.18,864.96,839.57,863.72,126427.36,109197612.60
3/3/2018,855.34,866.58,853.24,854.85,119681.57,102309548.80
3/2/2018,869.39,874.36,850.01,855.42,167765.34,143510593.00
3/1/2018,851.69,878.67,847.42,869.34,221622.33,192664629.20
2/28/2018,871.96,886.53,851.03,851.35,233319.63,198637318.30
2/27/2018,867.54,893.73,862.26,875.62,232145.25,203271293.90
2/26/2018,841.20,878.70,836.76,865.16,290498.27,251327401.10
2/25/2018,833.59,849.41,820.25,839.44,203553.31,170869962.10
2/24/2018,853.69,873.74,811.49,832.26,303925.26,252945236.00
2/23/2018,804.89,880.95,789.45,857.12,395320.23,338837646.30
2/22/2018,839.68,869.84,792.61,804.57,438773.78,353023548.10
2/21/2018,886.08,906.54,819.57,840.63,516578.77,434254030.50
2/20/2018,939.77,958.33,878.20,884.48,383953.59,339598280.40
2/19/2018,914.49,954.85,912.00,939.85,239407.36,225005952.00
2/18/2018,975.12,980.73,907.56,916.68,398650.57,365435250.00
2/17/2018,938.08,973.85,936.09,973.85,286815.08,279315545.10
2/16/2018,927.30,944.90,910.18,937.85,308519.19,289345027.40
2/15/2018,920.11,947.72,906.64,930.03,490322.40,456012181.40
2/14/2018,841.60,921.83,841.60,920.25,528611.22,486454006.60
2/13/2018,865.62,867.31,826.02,841.74,306341.07,257860197.10
2/12/2018,812.66,874.61,812.66,863.61,353034.11,304882451.30
2/11/2018,851.58,852.77,782.37,814.53,377780.28,307715210.40
2/10/2018,877.98,909.01,820.23,851.07,512841.47,436461905.10
2/9/2018,814.39,879.42,783.75,877.84,556964.59,488926886.20
2/8/2018,751.40,842.40,751.40,812.87,630382.51,512417509.00
2/7/2018,784.81,855.29,721.56,753.40,1109070.19,835577006.40
2/6/2018,695.82,800.16,566.37,792.20,2240661.17,1775057231.00
2/5/2018,828.03,857.66,633.08,693.38,1739945.55,1206443691.00
2/4/2018,971.92,971.92,783.47,833.31,758094.60,631729225.10
2/3/2018,917.67,996.56,849.05,968.12,573003.12,554735133.00
2/2/2018,1026.26,1026.26,753.25,918.81,1733695.53,1592940044.00
2/1/2018,1111.34,1149.53,957.38,1032.60,963093.49,994491224.40
1/31/2018,1065.27,1123.11,1030.19,1106.47,497818.00,550820018.70
1/30/2018,1170.50,1173.77,1042.08,1056.72,753886.98,796647857.90
1/29/2018,1230.29,1237.99,1154.06,1170.44,425960.52,498561532.30
1/28/2018,1109.76,1237.20,1102.41,1231.36,536348.67,660439639.30
1/27/2018,1050.08,1120.65,1035.69,1104.04,355759.20,392774060.90
1/26/2018,1047.49,1075.84,991.17,1050.59,472671.79,496584303.80
1/25/2018,1061.17,1100.93,1025.03,1051.26,533062.84,560389090.00
1/24/2018,985.70,1061.29,959.62,1059.82,496768.83,526485790.70
1/23/2018,1002.78,1019.26,913.29,980.81,660460.61,647786440.90
1/22/2018,1051.31,1085.26,919.22,1005.39,661830.60,665400703.60
1/21/2018,1152.27,1152.27,1014.91,1041.38,488688.91,508910537.30
1/20/2018,1040.36,1164.56,1040.36,1151.35,477039.26,549240418.40
1/19/2018,1016.25,1091.22,990.04,1034.79,532301.95,550821392.10
1/18/2018,1027.89,1095.23,953.20,1024.58,1061313.16,1087399090.00
1/17/2018,1056.08,1114.54,771.95,1015.86,2149262.76,2183347229.00
1/16/2018,1281.92,1281.92,868.56,1063.32,1805757.13,1920095578.00
1/15/2018,1361.42,1381.65,1276.83,1278.26,400596.35,512066769.30
1/14/2018,1387.43,1390.22,1277.43,1360.21,472866.67,643197941.30
1/13/2018,1262.82,1423.77,1262.82,1387.52,562645.28,780679706.90
1/12/2018,1140.89,1287.63,1093.59,1263.75,582055.95,735570681.70
1/11/2018,1252.94,1333.71,1106.67,1137.88,1016772.38,1156960247.00
1/10/2018,1292.03,1385.46,1214.55,1248.74,1075808.43,1343410086.00
1/9/2018,1139.07,1298.45,1137.99,1291.25,860117.92,1110630184.00
1/8/2018,1113.53,1223.75,996.74,1141.37,1175550.94,1341737341.00
1/7/2018,1006.28,1109.99,1004.56,1109.99,541051.29,600562040.20
1/6/2018,970.44,1009.67,961.62,1005.67,370401.40,372500946.50
1/5/2018,945.70,1018.05,940.62,970.25,796030.72,772350285.60
1/4/2018,940.21,997.61,906.04,948.70,936770.31,888715211.20
1/3/2018,862.57,950.59,850.33,944.88,851087.33,804175266.10
1/2/2018,757.85,874.83,757.85,861.14,1080163.65,930170016.30
1/1/2018,742.43,766.20,726.65,755.88,313890.22,237264371.80
12/31/2017,699.53,747.78,693.27,742.45,336466.00,249807949.20
12/30/2017,741.91,742.10,669.99,702.08,569941.62,400147196.30
12/29/2017,718.06,755.48,713.11,741.71,511638.06,379486371.80
12/28/2017,740.94,741.91,678.90,716.79,610634.76,437699931.50
12/27/2017,754.53,766.84,712.40,740.84,451945.74,334819980.10
12/26/2017,725.02,757.07,725.02,753.29,365903.91,275632555.70
12/25/2017,675.62,747.60,675.62,726.12,500944.00,363745351.90
12/24/2017,704.45,704.45,607.60,674.40,684774.59,461809247.10
12/23/2017,660.38,750.93,658.16,699.23,624633.14,436763204.60
12/22/2017,791.79,795.26,504.53,658.16,2306961.04,1518344953.00
12/21/2017,800.14,840.83,761.46,788.67,842182.72,664203523.70
12/20/2017,814.35,828.00,723.13,797.68,1080626.47,861993059.10
12/19/2017,785.51,868.67,771.90,813.14,1292845.77,1051268302.00
12/18/2017,718.20,798.69,686.50,787.93,971395.18,765389866.40
12/17/2017,692.90,731.89,692.90,719.11,508348.33,365557607.50
12/16/2017,685.17,712.20,679.70,693.37,521616.72,361673044.40
12/15/2017,694.15,694.69,620.06,682.59,924225.70,630864228.90
12/14/2017,700.63,750.14,662.92,693.98,1231940.88,854943437.10
12/13/2017,657.61,744.51,603.25,699.80,2018256.49,1412377521.00
12/12/2017,514.75,665.28,500.65,663.40,2100488.88,1393466490.00
12/11/2017,437.09,512.52,436.71,512.52,781459.99,400514543.00
12/10/2017,474.15,474.15,430.75,436.22,641876.12,280002031.80
12/9/2017,452.37,506.26,442.14,474.25,1093056.41,518384104.80
12/8/2017,422.32,462.01,411.83,452.39,994771.23,450020609.90
12/7/2017,422.54,435.67,407.47,420.73,905872.13,381131939.60
12/6/2017,454.16,456.35,416.38,423.54,979500.45,414852887.60
12/5/2017,466.58,467.52,452.99,454.23,511250.19,232224513.20
12/4/2017,462.17,471.71,449.04,466.46,469873.82,219179085.90
12/3/2017,457.64,480.80,449.70,462.34,550830.50,254670737.90
12/2/2017,461.95,470.89,449.66,457.94,473198.01,216696976.50
12/1/2017,434.28,466.97,419.28,461.89,624003.15,288223004.10
11/30/2017,427.22,458.77,397.85,436.46,1195786.74,521916001.80
11/29/2017,466.68,514.16,411.75,423.11,1722526.27,728817447.60
11/28/2017,474.67,477.67,460.36,465.72,580529.62,270362135.50
11/27/2017,470.62,489.95,463.67,475.23,766660.12,364339768.00
11/26/2017,464.97,472.57,451.20,470.63,535823.08,252172340.30
11/25/2017,470.01,482.87,457.59,465.06,715268.50,332642693.00
11/24/2017,406.09,478.03,400.52,469.19,1222367.86,573526972.50
11/23/2017,380.77,425.20,375.19,409.50,1137064.71,465624427.70
11/22/2017,360.69,380.80,360.10,380.06,452263.25,171888689.30
11/21/2017,367.46,372.58,351.71,360.46,705235.81,254209332.50
11/20/2017,354.27,372.37,354.26,367.69,448703.64,164983212.70
11/19/2017,346.35,371.02,343.99,354.32,699647.81,247896114.30
11/18/2017,331.45,349.24,327.04,346.81,431615.58,149688309.30
11/17/2017,329.35,334.27,326.21,331.50,378321.40,125411892.70
11/16/2017,331.51,332.66,322.81,329.34,1130061.83,372180160.60
11/15/2017,335.05,339.72,325.85,331.15,496688.67,164476675.90
11/14/2017,314.90,336.48,314.90,334.96,849329.80,284493925.40
11/13/2017,305.73,318.92,305.73,315.21,593532.13,187090094.90
11/12/2017,314.56,317.39,299.92,306.68,978321.71,300034600.80
11/11/2017,297.44,320.08,297.37,314.69,556973.31,175275055.20
11/10/2017,320.13,324.20,291.08,297.44,712637.51,211968636.70
11/9/2017,307.67,329.14,306.68,320.07,602524.85,192848903.10
11/8/2017,292.54,318.56,291.30,309.77,758752.57,235042388.20
11/7/2017,297.61,303.36,288.56,292.41,508905.91,148809911.00
11/6/2017,295.94,304.99,292.64,297.05,355461.82,105589478.60
11/5/2017,300.23,300.23,295.08,295.96,198301.53,58689599.70
11/4/2017,304.73,304.73,295.41,299.98,256114.49,76830345.10
11/3/2017,285.52,307.53,285.52,304.77,457537.38,139445814.00
11/2/2017,289.64,292.13,277.39,284.28,638806.92,181599867.00
11/1/2017,303.73,304.82,289.06,289.22,344245.30,99561176.26
10/31/2017,306.79,309.96,304.29,304.29,207423.86,63117503.51
10/30/2017,303.89,310.05,303.61,306.93,191280.19,58708767.85
10/29/2017,294.99,311.26,294.35,303.89,311391.94,94629709.93
10/28/2017,296.91,297.82,292.71,294.70,158365.47,46670678.82
10/27/2017,295.77,298.99,293.33,296.64,155466.34,46117938.46
10/26/2017,296.55,299.69,294.20,295.84,159884.58,47299880.26
10/25/2017,297.04,300.76,290.42,297.16,256847.49,76324028.81
10/24/2017,285.58,311.01,280.67,296.72,547214.34,162370931.50
10/23/2017,294.61,294.61,276.36,285.00,438220.32,124891787.30
10/22/2017,299.79,305.93,291.53,294.80,213921.04,63063833.69
10/21/2017,302.84,303.64,291.06,299.52,302070.44,90475108.09
10/20/2017,307.64,312.01,302.39,303.71,296888.94,90167307.99
10/19/2017,313.51,316.45,305.38,307.67,287730.36,88525982.85
10/18/2017,316.33,316.48,288.74,313.66,595372.30,186745940.90
10/17/2017,334.30,334.30,311.29,316.65,458473.40,145175443.10
10/16/2017,335.70,351.60,331.80,333.64,543892.20,181466862.40
10/15/2017,338.80,341.63,319.03,336.13,457947.13,153931362.80
10/14/2017,336.94,346.76,334.14,338.70,333686.09,113018572.10
10/13/2017,302.80,347.53,298.90,337.00,965742.47,325455914.10
10/12/2017,302.77,308.28,302.43,303.07,421785.94,127828775.30
10/11/2017,298.84,304.01,297.48,302.73,249743.12,75605291.02
10/10/2017,297.02,305.74,292.50,298.51,261312.43,78004792.59
10/9/2017,309.58,309.79,287.00,296.52,468839.73,139018084.30
10/8/2017,311.34,313.23,308.99,309.55,214989.99,66549273.16
10/7/2017,307.93,313.84,304.73,311.90,255119.15,79572275.73
10/6/2017,295.58,308.56,294.53,308.56,276477.34,85311125.61
10/5/2017,291.91,297.76,287.51,295.44,208942.38,61730755.89
10/4/2017,292.12,295.52,289.93,291.99,234990.17,68614670.74
10/3/2017,297.12,300.04,287.50,291.57,296177.29,86355532.22
10/2/2017,303.82,303.85,294.46,297.02,287610.07,85425593.03
10/1/2017,302.96,304.56,295.79,303.64,212057.98,64388632.82
9/30/2017,292.71,305.73,292.65,302.96,262845.19,79630462.24
9/29/2017,302.89,303.67,280.67,292.71,619167.18,181234529.40
9/28/2017,310.35,310.36,299.08,303.09,358768.74,108740615.00
9/27/2017,289.05,312.27,288.72,309.93,505567.58,156690081.70
9/26/2017,295.34,296.00,288.16,289.68,255525.07,74020210.25
9/25/2017,282.89,296.98,282.89,295.37,409339.27,120907377.30
9/24/2017,286.37,294.59,276.88,282.87,430368.49,121739990.70
9/23/2017,263.09,286.65,260.19,286.64,373737.23,107129112.90
9/22/2017,257.83,270.86,254.84,263.07,454572.31,119582132.10
9/21/2017,283.55,287.04,253.25,258.66,748692.85,193657278.00
9/20/2017,283.06,293.27,277.99,283.73,386764.89,109737083.20
9/19/2017,297.69,299.98,276.64,284.00,684296.65,194340089.60
9/18/2017,258.53,300.13,258.53,296.91,1007734.40,299204399.50
9/17/2017,254.48,265.70,240.31,258.67,476842.08,123345606.00
9/16/2017,259.34,272.33,246.38,254.71,732107.34,186472727.80
9/15/2017,223.27,266.38,202.03,258.70,2401090.13,621164235.60
9/14/2017,275.84,280.35,222.98,222.98,1769159.57,394491681.30
9/13/2017,294.38,294.38,257.99,276.12,1205832.13,332954448.20
9/12/2017,297.97,315.95,287.25,294.71,689624.80,203238883.00
9/11/2017,299.11,308.16,288.71,297.72,492206.56,146538826.90
9/10/2017,303.91,305.48,281.95,299.61,601083.74,180093173.60
9/9/2017,306.88,309.22,294.04,304.25,406740.67,123750766.00
9/8/2017,335.50,335.50,293.58,306.55,921415.39,282462440.70
9/7/2017,339.00,339.00,324.05,335.25,433445.44,145310722.20
9/6/2017,318.45,341.67,318.33,339.06,672790.14,228117128.50
9/5/2017,304.92,324.41,280.73,317.83,1038688.40,330121866.30
9/4/2017,352.05,352.45,282.13,302.24,1558185.08,470946736.60
9/3/2017,351.80,370.24,337.80,352.37,583952.93,205766833.20
9/2/2017,391.62,392.29,330.15,350.77,1013811.27,355615672.60
9/1/2017,388.57,395.36,387.22,391.76,473863.67,185641197.10
8/31/2017,383.75,389.69,381.15,388.26,399435.38,155084723.30
8/30/2017,372.15,389.85,368.32,384.13,631515.21,242586872.60
8/29/2017,347.70,374.99,347.70,372.89,649886.30,242335723.50
8/28/2017,348.05,349.97,335.75,347.79,433762.35,150856575.60
8/27/2017,333.02,346.23,332.99,346.23,313664.27,108598420.70
8/26/2017,330.18,334.60,326.09,333.07,214596.03,71474519.74
8/25/2017,325.45,337.18,324.95,330.64,400795.30,132518131.00
8/24/2017,317.45,328.51,316.08,325.29,336717.67,109531725.30
8/23/2017,314.14,324.93,313.77,317.48,405837.08,128846710.70
8/22/2017,322.36,327.39,293.67,311.53,1024453.30,319143194.50
8/21/2017,298.10,343.77,295.26,319.66,1026539.20,328143758.10
8/20/2017,293.49,298.38,288.94,297.74,269838.68,80342974.73
8/19/2017,292.61,298.79,284.63,293.93,409539.26,120375772.80
8/18/2017,300.62,306.47,287.89,293.16,473590.50,138839077.00
8/17/2017,301.37,310.16,298.66,300.58,419610.04,126125397.00
8/16/2017,286.76,302.81,281.26,301.69,350027.21,105600289.70
8/15/2017,299.49,299.59,271.97,286.13,673965.98,192844935.00
8/14/2017,297.04,305.99,295.23,299.38,424208.91,126998292.90
8/13/2017,308.07,309.13,288.68,296.28,624432.89,185006359.70
8/12/2017,309.30,318.98,304.77,308.86,569845.26,176002523.40
8/11/2017,298.51,310.25,296.21,310.25,438983.15,136194431.30
8/10/2017,295.52,310.15,289.63,299.63,515143.82,154354634.50
8/9/2017,296.36,314.60,279.66,295.54,1350753.49,399196101.50
8/8/2017,269.67,299.33,267.19,295.26,752786.40,222265039.50
8/7/2017,264.60,273.17,258.13,269.83,528964.16,142732764.10
8/6/2017,253.36,271.71,251.92,265.11,753561.63,199773364.70
8/5/2017,220.73,256.57,220.05,252.32,956440.46,241328955.80
8/4/2017,224.52,227.25,220.10,220.68,362666.00,80033431.72
8/3/2017,218.05,227.72,217.90,224.39,383483.29,86051080.94
8/2/2017,225.88,228.82,215.79,217.60,501147.73,109049134.10
8/1/2017,201.31,231.81,201.31,226.29,1228492.96,277990178.10
7/31/2017,195.94,201.14,190.63,200.92,487239.63,97897159.13
7/30/2017,206.35,209.61,194.62,195.94,449232.63,88021281.54
7/29/2017,191.49,209.35,178.07,205.89,738536.58,152058746.60
7/28/2017,202.80,203.97,190.27,191.55,524958.08,100554760.20
7/27/2017,203.03,205.49,198.87,203.00,426260.15,86532792.34
7/26/2017,203.48,209.09,193.43,202.22,714672.74,144518428.70
7/25/2017,225.51,226.02,193.41,204.94,1166791.66,239118714.20
7/24/2017,227.61,229.31,223.73,225.18,383676.25,86396717.97
7/23/2017,230.06,233.22,219.82,228.10,509471.84,116212818.20
7/22/2017,216.24,234.71,215.65,230.23,622681.57,143357982.80
7/21/2017,226.35,236.14,209.71,217.38,947972.79,206071640.90
7/20/2017,194.83,234.05,194.83,225.19,1973859.38,444492582.10
7/19/2017,226.96,243.82,189.22,193.38,2320836.84,448792506.40
7/18/2017,190.00,251.98,177.82,225.29,2651634.04,597375628.70
7/17/2017,156.09,190.06,154.76,189.10,1743792.93,329756607.80
7/16/2017,168.99,171.87,134.08,156.89,2184468.76,342720893.60
7/15/2017,196.78,197.96,169.50,169.50,880921.49,149316742.10
7/14/2017,205.29,206.75,182.21,198.42,875716.26,173761203.70
7/13/2017,223.69,226.05,192.61,205.14,859203.69,176257167.00
7/12/2017,189.67,225.64,181.10,222.68,1248676.12,278056839.80
7/11/2017,203.65,215.09,174.43,192.29,1723104.45,331341566.60
7/10/2017,237.64,239.41,191.61,209.29,1181561.01,247289720.40
7/9/2017,245.44,250.35,236.90,236.90,370360.40,87736849.10
7/8/2017,240.44,247.53,230.87,244.84,568340.09,139153392.20
7/7/2017,264.91,265.80,236.25,240.42,638191.22,153433368.60
7/6/2017,264.30,273.48,260.51,264.93,432083.12,114470298.80
7/5/2017,267.48,272.19,253.00,264.17,675795.78,178525726.00
7/4/2017,274.71,281.35,264.66,267.81,544037.62,145699321.00
7/3/2017,281.80,283.37,271.75,274.94,536737.77,147572345.60
7/2/2017,259.48,290.18,252.05,281.58,659076.63,185582213.10
7/1/2017,279.78,280.18,250.22,258.89,776664.48,201073530.90
6/30/2017,290.86,303.98,269.53,279.40,690050.01,192803123.80
6/29/2017,315.02,320.38,283.65,290.62,785074.21,228157515.20
6/28/2017,283.86,321.73,260.23,314.43,1135115.56,356909945.80
6/27/2017,252.81,282.26,210.72,282.26,1301831.09,367461276.30
6/26/2017,278.87,291.05,212.44,256.58,1599581.58,410424047.70
6/25/2017,303.63,309.12,254.01,278.84,713697.62,199005363.10
6/24/2017,326.58,329.63,298.57,304.04,325528.92,98972897.34
6/23/2017,320.98,330.71,320.38,326.27,228290.72,74484940.93
6/22/2017,325.22,331.57,309.13,320.97,457198.41,146747985.30
6/21/2017,349.23,351.78,282.08,322.87,987230.78,318748612.50
6/20/2017,357.65,364.93,328.16,349.60,532959.45,186321663.60
6/19/2017,350.91,360.40,348.70,357.30,277215.68,99049608.34
6/18/2017,366.05,376.97,340.75,351.14,440315.89,154614596.80
6/17/2017,352.90,365.87,341.92,365.87,386864.68,141542198.20
6/16/2017,343.86,357.98,318.37,352.99,623141.72,219961724.20
6/15/2017,342.66,348.26,268.00,343.53,1778416.42,610947689.40
6/14/2017,386.85,391.28,319.70,342.28,914389.56,312980238.80
6/13/2017,393.17,396.44,358.59,386.74,612155.82,236747441.30
6/12/2017,338.70,414.50,315.66,390.08,1388223.48,541512312.70
6/11/2017,334.00,349.24,315.96,337.56,595421.54,200989613.50
6/10/2017,278.85,347.75,278.85,334.64,881883.47,295110289.90
6/9/2017,258.25,279.00,258.25,279.00,419920.07,117159077.30
6/8/2017,254.41,259.67,249.65,258.31,356323.81,92043267.89
6/7/2017,262.73,263.62,245.93,254.12,441537.06,112203565.00
6/6/2017,246.21,265.96,244.89,263.22,708241.99,186426483.40
6/5/2017,243.70,247.01,240.54,246.19,376511.43,92694871.09
6/4/2017,222.48,248.38,222.30,243.51,580615.37,141382862.10
6/3/2017,220.73,224.20,217.90,222.41,270849.60,60238837.01
6/2/2017,219.14,225.80,216.06,220.67,413280.39,91198894.79
6/1/2017,226.52,232.75,207.38,218.81,795642.12,174098168.90
5/31/2017,227.47,231.60,212.30,226.18,931486.15,210686883.10
5/30/2017,192.62,230.00,185.00,227.58,1143450.17,260222959.30
5/29/2017,169.29,194.84,162.78,191.95,604034.25,115943258.90
5/28/2017,154.28,178.45,154.28,169.59,700437.35,118785150.80
5/27/2017,160.65,167.46,117.24,153.03,1370435.80,209711974.50
5/26/2017,174.85,193.21,146.64,160.98,1008000.94,162267716.60
5/25/2017,190.98,210.95,170.79,174.85,1201324.82,210051265.30
5/24/2017,168.90,199.38,168.76,190.94,908651.20,173496997.40
5/23/2017,159.13,171.73,154.75,168.29,715929.64,120480462.40
5/22/2017,147.27,179.82,140.31,161.43,1673294.00,270124190.30
5/21/2017,122.94,147.22,121.93,147.22,874089.71,128685346.50
5/20/2017,124.26,128.57,120.81,122.54,505140.41,61902009.52
5/19/2017,95.93,128.61,95.91,124.60,1145871.71,142779823.50
5/18/2017,86.88,95.81,86.88,95.74,519050.47,49695995.43
5/17/2017,87.18,88.79,82.62,86.83,479693.47,41651637.20
5/16/2017,90.67,91.97,86.71,87.33,502296.13,43863019.33
5/15/2017,89.21,94.23,89.21,90.57,559355.00,50660524.06
5/14/2017,88.21,89.88,87.57,89.24,153006.90,13653674.87
5/13/2017,85.50,88.33,82.94,88.23,203486.57,17954208.31
5/12/2017,87.85,90.30,84.24,85.57,430430.29,36831435.84
5/11/2017,86.44,89.28,85.72,87.76,430767.56,37802625.99
5/10/2017,86.14,90.11,85.34,86.30,397470.62,34303493.77
5/9/2017,88.57,89.01,76.60,85.90,777196.94,66760672.29
5/8/2017,90.52,91.94,85.74,88.54,566002.82,50111605.13
5/7/2017,93.90,95.86,79.51,90.19,590329.09,53243026.03
5/6/2017,90.66,94.15,90.22,93.94,382730.23,35952834.72
5/5/2017,95.56,98.14,88.03,90.45,720950.08,65207132.69
5/4/2017,80.45,96.10,79.82,95.58,894027.01,85455446.49
5/3/2017,77.82,80.79,76.33,80.47,528575.97,42533654.22
5/2/2017,78.39,81.48,76.51,78.12,577990.90,45153859.43
5/1/2017,80.15,83.76,73.94,78.45,1179026.64,92492147.20
4/30/2017,70.31,80.34,69.74,80.34,636845.28,51162808.43
4/29/2017,73.23,74.18,68.58,70.38,565955.95,39829534.97
4/28/2017,63.87,74.37,63.42,73.49,1002233.23,73655698.44
4/27/2017,54.27,63.91,53.66,63.78,743405.81,47410875.28
4/26/2017,50.24,55.22,50.18,54.30,572253.41,31073853.86
4/25/2017,50.63,50.91,50.16,50.20,239239.82,12009441.27
4/24/2017,49.71,51.09,49.71,50.65,297377.86,15062196.30
4/23/2017,48.75,49.69,48.42,49.69,240404.63,11946628.42
4/22/2017,48.79,49.13,48.37,48.88,243552.90,11904555.24
4/21/2017,50.09,50.13,48.78,48.82,244786.17,11950492.98
4/20/2017,48.40,50.47,48.28,50.10,360425.13,18056130.43
4/19/2017,51.05,51.23,47.31,48.53,436493.63,21184397.10
4/18/2017,48.45,51.31,48.39,51.11,438069.86,22388259.68
4/17/2017,48.46,48.92,48.09,48.40,210069.34,10167547.01
4/16/2017,49.16,49.21,48.18,48.32,181834.77,8786216.89
4/15/2017,47.80,49.56,47.45,49.26,301607.79,14857175.37
4/14/2017,50.15,50.15,46.99,47.93,352987.57,16917350.72
4/13/2017,47.01,50.39,46.98,50.19,550285.27,27619412.78
4/12/2017,43.60,48.35,43.30,46.98,542750.81,25496181.79
4/11/2017,43.76,44.24,43.52,43.61,211851.92,9239426.89
4/10/2017,43.65,44.22,42.58,43.72,275403.07,12040372.15
4/9/2017,44.46,44.54,42.93,43.63,221291.93,9655060.57
4/8/2017,42.24,45.38,42.24,44.40,329305.88,14622211.13
4/7/2017,43.12,44.46,41.73,42.28,356931.78,15092677.68
4/6/2017,45.04,45.72,41.23,43.13,554583.99,23920706.15
4/5/2017,44.38,47.20,44.18,45.24,473670.09,21427120.84
4/4/2017,44.21,45.70,41.32,44.58,702882.03,31333405.69
4/3/2017,48.48,48.48,42.93,44.10,948723.70,41834973.75
4/2/2017,50.44,50.84,47.85,48.48,605604.41,29356892.88
4/1/2017,49.86,51.65,48.76,50.40,368576.61,18577343.69
3/31/2017,51.85,51.85,47.12,49.77,711850.69,35431210.12
3/30/2017,53.02,53.05,51.44,51.86,435350.85,22576885.75
3/29/2017,50.18,53.92,50.07,53.00,730215.55,38700222.03
3/28/2017,49.12,50.32,48.75,50.22,510777.88,25653162.99
3/27/2017,50.68,51.62,48.54,49.05,529125.61,25956148.35
3/26/2017,50.61,51.68,48.75,50.49,546548.71,27595717.08
3/25/2017,53.57,53.79,47.88,50.64,1043044.54,52824762.47
3/24/2017,43.29,55.31,42.88,53.52,1429409.63,76507813.18
3/23/2017,41.71,44.29,40.74,43.27,567075.70,24536889.87
3/22/2017,42.83,43.03,39.09,41.57,599442.22,24916180.50
3/21/2017,42.42,43.64,41.98,42.82,544637.91,23319128.59
3/20/2017,43.16,45.27,41.21,42.32,841895.31,35629029.70
3/19/2017,34.13,45.20,34.13,42.67,1501261.99,64064992.14
3/18/2017,44.59,44.81,31.15,32.85,1916937.88,62980605.32
3/17/2017,45.38,52.21,35.79,44.81,2683037.29,120221364.30
3/16/2017,34.96,46.29,34.96,45.09,2562658.38,115553639.50
3/15/2017,28.60,34.66,28.34,34.66,1357766.21,47063236.72
3/14/2017,28.40,29.81,27.21,28.54,782539.84,22332523.13
3/13/2017,23.21,30.59,23.21,28.31,2397042.10,67864210.48
3/12/2017,21.37,23.18,21.25,23.18,931221.89,21585793.83
3/11/2017,19.11,21.41,18.88,21.37,867593.27,18541936.16
3/10/2017,17.70,19.45,16.91,19.05,1456483.84,27745693.02
3/9/2017,16.47,17.96,16.17,17.70,536712.25,9498377.95
3/8/2017,18.87,18.87,16.57,16.57,816830.62,13532713.77
3/7/2017,19.66,19.66,18.53,18.84,646248.85,12173966.49
3/6/2017,19.18,20.09,19.03,19.68,592100.55,11651078.21
3/5/2017,18.57,19.32,18.22,19.16,387975.14,7431971.81
3/4/2017,19.47,20.04,18.59,18.59,362067.14,6729211.19
3/3/2017,19.02,20.55,18.31,19.43,1198189.35,23285381.50
3/2/2017,17.49,19.36,16.97,19.03,1176560.37,22391808.40
3/1/2017,15.83,17.47,15.67,17.47,922778.31,16120157.88
2/28/2017,15.51,16.34,15.22,15.81,1017022.73,16076747.69
2/27/2017,14.52,15.74,14.28,15.41,564978.84,8706475.31
2/26/2017,13.51,14.54,13.37,14.54,396397.41,5764756.76
2/25/2017,13.01,13.68,12.92,13.51,352606.84,4763417.51
2/24/2017,13.06,13.19,12.76,13.01,386700.93,5032616.96
2/23/2017,12.56,13.18,12.54,13.06,312216.85,4078616.06
2/22/2017,12.67,12.71,12.51,12.56,215734.98,2709132.38
2/21/2017,12.37,12.75,12.17,12.66,315721.63,3997049.31
2/20/2017,12.66,12.76,12.42,12.42,267417.16,3321116.84
2/19/2017,12.66,12.73,12.64,12.65,193850.13,2452883.79
2/18/2017,12.64,12.76,12.64,12.66,210154.33,2660706.25
2/17/2017,12.94,12.95,12.63,12.63,249172.66,3147037.99
2/16/2017,12.93,12.95,12.59,12.94,2082777.38,26958807.84
2/15/2017,13.06,13.06,12.65,12.96,369356.71,4785681.05
2/14/2017,11.26,13.30,11.26,13.05,785201.58,10247237.77
2/13/2017,11.30,11.31,11.11,11.24,190543.84,2142379.81
2/12/2017,11.31,11.31,11.20,11.28,146249.79,1650011.99
2/11/2017,11.27,11.31,11.21,11.31,202320.64,2288183.35
2/10/2017,10.86,11.35,10.78,11.27,281995.87,3179077.26
2/9/2017,11.27,11.36,10.49,10.85,429433.93,4661487.53
2/8/2017,11.34,11.48,11.08,11.27,264494.34,2979674.68
2/7/2017,11.22,11.42,11.20,11.34,221343.37,2510521.54
2/6/2017,11.06,11.24,11.04,11.21,196027.77,2197685.09
2/5/2017,11.22,11.25,11.03,11.06,157010.61,1736525.43
2/4/2017,10.91,11.31,10.90,11.21,330295.69,3703137.71
2/3/2017,10.74,10.90,10.59,10.90,318520.10,3470742.61
2/2/2017,10.65,10.82,10.54,10.74,321404.25,3450853.71
2/1/2017,10.60,10.71,10.46,10.64,299149.89,3184447.54
1/31/2017,10.54,10.66,10.48,10.59,290666.42,3079252.38
1/30/2017,10.39,10.66,10.35,10.55,226560.37,2390336.95
1/29/2017,10.50,10.50,10.36,10.39,118633.48,1232976.83
1/28/2017,10.46,10.50,10.38,10.49,130197.20,1365126.08
1/27/2017,10.50,10.52,10.39,10.45,184745.23,1931331.27
1/26/2017,10.45,10.56,10.39,10.50,188661.69,1980422.82
1/25/2017,10.57,10.58,10.38,10.45,164340.08,1717406.26
1/24/2017,10.74,10.74,10.53,10.56,208079.90,2196884.60
1/23/2017,10.66,10.78,10.59,10.73,143483.10,1540272.93
1/22/2017,10.76,10.90,10.54,10.66,232968.72,2482746.37
1/21/2017,10.56,10.94,10.51,10.94,163038.14,1783723.51
1/20/2017,10.30,10.62,10.24,10.58,219682.70,2323558.82
1/19/2017,10.21,10.35,10.12,10.30,205803.00,2120401.33
1/18/2017,10.18,10.36,9.87,10.19,249804.27,2545800.74
1/17/2017,9.58,10.46,9.50,10.18,446497.41,4544536.38
1/16/2017,9.72,9.76,9.51,9.55,298883.18,2854182.73
1/15/2017,9.68,9.85,9.65,9.76,317423.38,3098599.93
1/14/2017,9.64,9.73,9.44,9.68,631941.11,6117917.39
1/13/2017,9.72,9.72,9.35,9.64,674757.33,6506078.88
1/12/2017,9.78,9.97,9.19,9.72,778080.54,7566214.25
1/11/2017,10.52,10.60,9.49,9.80,502660.34,4924564.40
1/10/2017,10.15,10.63,10.15,10.51,177199.43,1862971.71
1/9/2017,10.10,10.58,9.98,10.18,343581.85,3498615.83
1/8/2017,9.61,10.19,9.57,10.10,330597.83,3338518.10
1/7/2017,10.05,10.05,9.46,9.62,279063.74,2684216.82
1/6/2017,10.20,10.37,9.46,10.06,346575.84,3485903.80
1/5/2017,10.98,11.49,9.24,10.15,901449.19,9151668.54
1/4/2017,9.53,11.00,9.35,11.00,717888.41,7898463.43
1/3/2017,8.24,9.81,8.14,9.53,648583.08,6181716.97
1/2/2017,8.04,8.31,7.97,8.23,266461.00,2193767.73
1/1/2017,7.88,8.36,7.88,8.04,294315.44,2365249.77
12/31/2016,8.06,8.07,7.83,7.88,284923.39,2245469.11
12/30/2016,8.23,8.39,7.97,8.05,271211.41,2182331.62
12/29/2016,7.57,8.44,7.57,8.24,492163.83,4055460.61
12/28/2016,7.12,7.65,7.05,7.57,250916.67,1899539.57
12/27/2016,7.19,7.25,7.05,7.13,95632.25,681609.59
12/26/2016,7.11,7.26,6.97,7.17,98273.34,704992.75
12/25/2016,7.19,7.26,7.09,7.11,73364.96,521367.65
12/24/2016,7.11,7.34,7.08,7.20,99583.62,716667.01
12/23/2016,7.54,7.61,7.05,7.13,245782.83,1752319.80
12/22/2016,7.86,7.86,7.47,7.53,220152.09,1656945.85
12/21/2016,7.62,7.92,7.62,7.86,133905.03,1053099.85
12/20/2016,7.61,7.71,7.54,7.62,95170.38,724911.18
12/19/2016,7.86,7.86,7.58,7.59,102863.60,780703.91
12/18/2016,7.80,7.91,7.68,7.86,89641.82,704719.81
12/17/2016,7.83,7.86,7.50,7.83,154722.43,1211755.81
12/16/2016,7.81,7.91,7.78,7.83,91681.73,717896.45
12/15/2016,8.19,8.19,7.69,7.79,233628.21,1819576.35
12/14/2016,8.40,8.47,8.18,8.20,104179.80,854239.60
12/13/2016,8.49,8.52,8.32,8.39,74392.06,624443.83
12/12/2016,8.18,8.58,8.13,8.51,123286.97,1049499.99
12/11/2016,8.12,8.23,8.09,8.17,56227.42,459549.79
12/10/2016,8.42,8.55,8.02,8.12,107095.48,869288.19
12/9/2016,8.17,8.63,8.01,8.47,144765.18,1226662.44
12/8/2016,8.33,8.83,8.22,8.22,208858.57,1716405.54
12/7/2016,7.80,8.56,7.30,8.32,257198.00,2141075.87
12/6/2016,6.78,7.83,5.97,7.78,695048.82,5406111.02
12/5/2016,7.38,7.56,6.62,6.79,328764.52,2231049.83
12/4/2016,7.87,7.89,7.40,7.40,94736.58,700634.90
12/3/2016,7.70,8.09,7.65,7.82,186984.09,1462644.05
12/2/2016,8.42,8.43,7.36,7.70,374322.70,2883291.91
12/1/2016,8.57,8.62,8.32,8.43,96435.29,812825.40
11/30/2016,8.14,8.70,8.13,8.57,158338.37,1357644.67
11/29/2016,8.68,8.70,7.84,8.15,268401.27,2188085.56
11/28/2016,8.98,8.99,8.65,8.69,100307.21,871794.47
11/27/2016,9.33,9.33,8.68,8.98,147752.67,1327402.35
11/26/2016,9.42,9.50,9.27,9.33,31034.28,289441.01
11/25/2016,9.20,9.71,9.19,9.43,71216.57,671220.89
11/24/2016,9.80,9.80,8.93,9.21,194546.11,1791973.16
11/23/2016,9.85,9.90,9.73,9.79,45071.71,441135.21
11/22/2016,9.57,10.23,9.54,9.85,122649.26,1208472.05
11/21/2016,9.57,9.63,9.50,9.57,47641.92,456161.53
11/20/2016,9.69,9.71,9.54,9.56,48436.72,462957.49
11/19/2016,9.49,9.76,9.46,9.69,70419.72,682101.73
11/18/2016,9.92,9.98,9.44,9.50,121061.12,1149562.66
11/17/2016,10.00,10.16,9.87,9.92,109193.65,1083491.90
11/16/2016,10.21,10.36,9.91,10.02,114933.88,1151151.81
11/15/2016,10.00,10.29,9.82,10.20,77708.03,792741.28
11/14/2016,10.12,10.15,9.94,10.00,57406.29,574344.80
11/13/2016,9.84,10.37,9.82,10.12,72640.73,735297.70
11/12/2016,10.28,10.31,9.70,9.85,112459.96,1107673.32
11/11/2016,10.50,10.58,10.21,10.28,73943.32,759819.37
11/10/2016,10.62,10.64,10.47,10.50,43276.73,454325.29
11/9/2016,10.85,10.86,10.25,10.62,171800.82,1823855.69
11/8/2016,10.89,11.01,10.80,10.84,88346.88,957811.69
11/7/2016,10.92,10.97,10.86,10.90,74638.91,813273.25
11/6/2016,11.11,11.14,10.90,10.94,44964.15,491839.83
11/5/2016,11.13,11.16,10.99,11.09,41294.40,457900.15
11/4/2016,10.86,11.13,10.84,11.12,79423.47,883578.15
11/3/2016,10.80,11.08,10.78,10.86,137817.21,1497153.45
11/2/2016,10.78,11.15,10.71,10.79,124955.56,1348515.19
11/1/2016,10.93,11.04,10.34,10.78,192451.88,2074065.35
10/31/2016,11.21,11.52,10.91,10.94,126079.26,1378785.07
10/30/2016,10.37,11.41,10.31,11.22,113193.04,1269750.38
10/29/2016,11.12,11.20,9.65,10.39,291433.40,3026979.97
10/28/2016,11.50,11.57,10.96,11.12,149416.17,1660765.90
10/27/2016,11.51,11.54,11.26,11.49,99847.30,1146892.22
10/26/2016,11.38,11.66,11.37,11.51,83837.30,964571.80
10/25/2016,11.94,11.95,11.12,11.38,198738.62,2261572.58
10/24/2016,11.98,12.03,11.94,11.95,56649.63,676959.05
10/23/2016,12.07,12.10,11.95,11.98,43536.05,521571.80
10/22/2016,12.09,12.13,11.96,12.08,47093.95,568866.88
10/21/2016,12.10,12.14,12.03,12.10,38254.86,463071.31
10/20/2016,12.00,12.26,12.00,12.09,74188.93,897287.37
10/19/2016,12.56,12.58,11.92,11.99,108467.13,1300616.12
10/18/2016,11.98,12.89,11.98,12.53,164849.66,2066129.69
10/17/2016,11.96,12.00,11.85,11.98,74953.52,897899.95
10/16/2016,11.97,12.03,11.91,11.96,36562.60,437209.19
10/15/2016,11.92,11.98,11.78,11.97,50221.17,601201.07
10/14/2016,11.92,12.04,11.87,11.90,64199.40,764281.43
10/13/2016,11.90,12.08,11.80,11.94,96936.25,1157727.62
10/12/2016,11.76,12.06,11.71,11.91,113794.99,1355364.51
10/11/2016,11.74,12.19,11.74,11.79,108362.68,1277665.73
10/10/2016,12.06,12.08,11.62,11.73,173686.05,2037986.94
10/9/2016,12.23,12.39,11.99,12.06,106924.92,1289356.90
10/8/2016,12.69,12.73,12.07,12.22,115739.67,1414883.38
10/7/2016,12.86,13.02,12.54,12.69,103098.21,1308563.37
10/6/2016,13.06,13.16,12.68,12.87,106365.00,1368840.86
10/5/2016,13.29,13.37,13.06,13.06,78751.38,1028744.77
10/4/2016,13.45,13.50,13.23,13.31,106091.25,1411901.47
10/3/2016,13.21,13.46,13.21,13.45,72106.71,969856.51
10/2/2016,13.18,13.30,13.16,13.21,46849.52,619080.09
10/1/2016,13.22,13.27,13.08,13.21,62231.81,821795.10
9/30/2016,13.10,13.34,13.06,13.25,68175.04,903147.29
9/29/2016,13.29,13.34,13.10,13.12,66491.98,872373.79
9/28/2016,13.08,13.50,13.07,13.30,80454.05,1069656.77
9/27/2016,12.86,13.22,12.86,13.09,81780.95,1070202.28
9/26/2016,13.10,13.14,12.80,12.86,60325.45,775638.77
9/25/2016,12.91,13.09,12.82,13.07,43811.51,572438.61
9/24/2016,13.35,13.37,12.68,12.91,92913.55,1199552.83
9/23/2016,13.23,13.45,13.13,13.36,69648.68,930346.08
9/22/2016,13.77,13.77,12.45,13.25,237279.27,3144863.12
9/21/2016,14.52,14.58,13.19,13.80,258957.53,3572604.68
9/20/2016,13.19,14.62,13.13,14.62,318271.64,4652362.84
9/19/2016,12.50,13.14,12.50,13.14,141074.99,1853396.31
9/18/2016,12.77,13.01,12.34,12.49,241756.75,3020594.55
9/17/2016,12.57,12.81,12.50,12.77,69946.34,893542.88
9/16/2016,12.10,12.76,11.96,12.60,192503.38,2426071.36
9/15/2016,11.92,12.19,11.92,11.99,125822.44,1508618.18
9/14/2016,11.95,12.09,11.91,11.93,95320.47,1137579.44
9/13/2016,11.89,12.22,11.87,11.99,227685.66,2731040.54
9/12/2016,11.65,11.99,11.65,11.89,64216.90,763810.24
9/11/2016,12.17,12.18,11.60,11.69,98137.36,1146843.74
9/10/2016,11.69,12.20,11.57,12.20,88432.63,1079186.86
9/9/2016,11.40,11.76,11.37,11.69,115858.75,1354102.41
9/8/2016,11.55,11.71,11.33,11.40,93168.83,1062173.94
9/7/2016,11.70,11.75,11.54,11.57,57092.12,660345.82
9/6/2016,11.77,11.77,11.47,11.72,72775.00,852570.11
9/5/2016,11.68,11.81,11.62,11.75,36980.26,434387.47
9/4/2016,11.87,11.87,11.57,11.70,73664.89,862134.54
9/3/2016,12.18,12.37,11.61,11.88,119109.79,1415253.32
9/2/2016,12.03,12.30,11.92,12.18,118345.52,1441952.55
9/1/2016,11.69,12.56,11.67,12.05,252420.47,3042689.44
8/31/2016,11.24,11.70,11.18,11.70,108554.12,1269928.89
8/30/2016,10.97,11.28,10.96,11.24,81552.20,916491.64
8/29/2016,10.98,11.12,10.81,10.97,90122.55,988737.50
8/28/2016,11.15,11.17,10.98,10.98,68170.92,748456.16
8/27/2016,11.25,11.26,11.17,11.17,43539.26,486536.82
8/26/2016,11.33,11.41,11.19,11.25,72131.78,811793.57
8/25/2016,11.02,11.36,11.00,11.34,110182.64,1250001.67
8/24/2016,11.03,11.14,11.00,11.04,70518.82,778624.11
8/23/2016,11.10,11.22,10.90,11.02,96325.88,1061498.93
8/22/2016,11.17,11.34,11.06,11.09,100492.94,1114255.71
8/21/2016,11.24,11.25,10.98,11.16,47594.84,531162.54
8/20/2016,10.72,11.30,10.70,11.27,135560.84,1528083.15
8/19/2016,10.75,10.79,10.69,10.72,85277.03,913759.23
8/18/2016,10.74,10.98,10.73,10.75,126723.36,1361880.87
8/17/2016,11.14,11.15,10.70,10.75,214221.18,2303477.11
8/16/2016,11.20,11.23,10.96,11.14,112123.45,1249301.68
8/15/2016,11.18,11.30,10.95,11.22,116579.76,1307703.51
8/14/2016,11.55,11.68,11.07,11.18,121844.08,1362180.73
8/13/2016,11.72,11.76,11.47,11.54,98089.84,1131999.24
8/12/2016,11.70,11.99,11.64,11.72,166738.64,1954505.61
8/11/2016,12.09,12.16,11.62,11.70,233795.99,2735156.12
8/10/2016,12.20,12.47,11.95,12.08,423329.81,5113883.11
8/9/2016,11.21,12.42,11.17,12.19,306535.95,3737736.44
8/8/2016,10.94,11.29,10.85,11.18,203811.58,2278659.29
8/7/2016,10.94,11.13,10.82,10.95,115970.52,1269915.01
8/6/2016,11.09,11.09,10.36,10.94,89398.30,978315.96
8/5/2016,11.22,11.27,10.77,11.08,91582.25,1015137.73
8/4/2016,10.46,11.41,10.32,11.14,228409.21,2544595.46
8/3/2016,8.85,10.51,8.84,10.41,421543.65,4386691.10
8/2/2016,10.93,11.17,8.07,8.73,766336.64,6693658.86
8/1/2016,11.90,12.03,10.94,10.94,347763.94,3803045.99
7/31/2016,12.49,12.55,11.50,11.91,267298.39,3183172.44
7/30/2016,12.83,12.83,12.49,12.49,167369.36,2089962.55
7/29/2016,12.85,12.89,12.60,12.82,157350.50,2017218.87
7/28/2016,13.01,13.01,12.54,12.87,240550.75,3096144.99
7/27/2016,11.89,13.26,11.83,12.99,594317.95,7717555.85
7/26/2016,13.80,13.80,13.80,13.80,430583.39,5944197.84
7/25/2016,12.75,13.81,12.71,13.78,429852.49,5921557.97
7/24/2016,14.32,14.32,14.32,14.32,467761.44,6698016.84
7/23/2016,14.66,14.91,14.08,14.35,473040.13,6789626.77
7/22/2016,12.65,12.65,12.65,12.65,420353.93,5319035.08
7/21/2016,12.45,12.74,12.03,12.65,418082.65,5288583.56
7/20/2016,11.65,11.65,11.65,11.65,356061.37,4147620.13
7/19/2016,11.05,12.08,11.02,11.64,358907.45,4177300.62
7/18/2016,11.19,11.19,11.19,11.19,422540.36,4729238.83
7/17/2016,11.71,11.71,11.03,11.19,422286.01,4724944.38
7/16/2016,11.96,11.96,11.96,11.96,508713.66,6083903.70
7/15/2016,11.49,12.48,11.48,11.97,508505.34,6087461.16
7/14/2016,10.44,10.44,10.44,10.44,84050.88,877140.57
7/13/2016,10.54,10.57,10.43,10.43,81600.36,851480.91
7/12/2016,10.51,10.51,10.51,10.51,162115.71,1704377.03
7/11/2016,10.96,11.00,10.21,10.50,162105.56,1702719.45
7/10/2016,10.91,10.99,10.77,10.96,50090.43,548845.64
7/9/2016,11.40,11.43,10.71,10.91,201320.20,2197393.12
7/8/2016,10.10,11.50,9.94,11.36,300421.52,3412911.06
7/7/2016,10.52,10.57,9.78,10.08,175198.82,1766167.11
7/6/2016,10.54,11.04,10.25,10.52,179929.05,1893479.47
7/5/2016,11.40,11.42,9.38,10.52,619817.36,6520061.44
7/4/2016,11.80,11.87,11.21,11.34,116682.48,1323127.58
7/3/2016,12.10,12.10,11.61,11.77,95065.14,1119241.16
7/2/2016,12.18,12.18,11.95,12.08,61484.21,743002.97
7/1/2016,12.40,12.50,11.75,12.18,163591.23,1992310.18
6/30/2016,12.62,12.69,12.23,12.45,130887.96,1629540.63
6/29/2016,12.11,12.99,11.61,12.58,264148.81,3323135.59
6/28/2016,14.06,14.07,11.55,12.14,536311.86,6510951.75
6/27/2016,13.79,14.12,13.71,14.02,80185.97,1123949.30
6/26/2016,14.30,14.34,13.63,13.79,113288.03,1562383.75
6/25/2016,14.30,14.65,14.03,14.30,150492.91,2152155.00
6/24/2016,13.63,14.47,13.19,14.28,392212.01,5600051.11
6/23/2016,13.31,13.74,12.75,13.64,418516.92,5710230.19
6/22/2016,13.17,15.68,13.12,13.20,1308312.76,17263320.76
6/21/2016,11.80,13.33,11.53,13.33,400445.41,5336888.16
6/20/2016,12.21,12.42,10.61,11.79,660507.79,7784407.99
6/19/2016,11.26,13.09,10.59,12.22,623226.22,7618280.80
6/18/2016,15.39,15.39,10.20,11.23,1581797.82,17756532.30
6/17/2016,20.57,21.48,13.48,15.39,2268447.73,34917383.86
6/16/2016,18.25,20.90,18.25,20.55,471027.28,9679338.58
6/15/2016,18.74,18.74,17.56,18.36,191767.64,3521178.32
6/14/2016,17.69,18.97,16.96,18.70,550480.43,10293947.18
6/13/2016,15.66,17.71,15.64,17.56,403449.13,7085441.14
6/12/2016,14.27,15.71,14.22,15.65,259504.05,4061718.97
6/11/2016,13.94,14.27,13.77,14.27,54380.78,775981.93
6/10/2016,14.44,14.44,13.80,13.95,107061.20,1493706.35
6/9/2016,14.40,14.56,14.38,14.41,36097.23,520004.48
6/8/2016,14.50,14.77,14.30,14.47,134374.05,1944843.57
6/7/2016,13.92,14.52,13.86,14.48,116376.32,1684583.09
6/6/2016,13.85,14.05,13.72,13.92,63136.92,878952.90
6/5/2016,13.67,13.91,13.62,13.87,37402.23,518924.76
6/4/2016,13.87,13.87,13.46,13.67,74936.77,1024167.84
6/3/2016,13.75,14.06,13.34,13.88,107312.57,1489630.80
6/2/2016,13.92,13.99,13.60,13.75,76501.61,1051779.35
6/1/2016,14.06,14.20,13.49,13.89,152130.25,2113741.27
5/31/2016,12.66,14.21,12.59,14.06,251143.84,3531068.10
5/30/2016,12.38,12.74,12.28,12.64,78707.47,995099.48
5/29/2016,11.79,12.74,11.75,12.38,175022.82,2167188.30
5/28/2016,11.27,12.30,10.44,11.81,258725.03,3056175.33
5/27/2016,12.39,12.41,10.57,11.27,313110.80,3527527.00
5/26/2016,12.52,12.92,12.11,12.40,103982.05,1289209.43
5/25/2016,12.78,12.91,11.82,12.53,141901.38,1777618.30
5/24/2016,13.27,13.80,11.98,12.74,226139.46,2881347.49
5/23/2016,14.21,14.41,13.27,13.50,119466.69,1612234.62
5/22/2016,13.96,14.33,13.73,14.23,88292.97,1256029.60
5/21/2016,13.55,13.98,13.08,13.96,112481.38,1570591.33
5/20/2016,14.66,14.85,13.47,13.55,213584.17,2894882.72
5/19/2016,13.51,14.63,13.28,14.63,213950.48,3129083.11
5/18/2016,12.16,14.35,12.16,13.48,247183.96,3333188.86
5/17/2016,11.15,12.55,11.11,12.14,231996.98,2815594.15
5/16/2016,9.97,11.35,9.97,11.15,139141.83,1551440.83
5/15/2016,10.20,10.41,9.94,10.01,38242.66,382702.30
5/14/2016,10.57,10.66,9.76,10.20,71049.23,725042.45
5/13/2016,10.07,11.06,10.06,10.58,102788.57,1087063.95
5/12/2016,9.94,10.50,9.85,10.11,122867.76,1241754.49
5/11/2016,9.39,9.95,9.38,9.93,72821.87,723346.40
5/10/2016,9.30,9.44,9.28,9.37,20564.17,192644.63
5/9/2016,9.47,9.59,9.24,9.31,40720.37,378907.69
5/8/2016,9.33,9.56,8.93,9.49,50931.79,483324.08
5/7/2016,9.34,9.51,9.21,9.33,25296.03,235892.95
5/6/2016,9.77,9.92,9.11,9.34,75512.14,705383.50
5/5/2016,9.41,9.97,9.33,9.76,58796.25,573873.34
5/4/2016,9.37,9.97,9.25,9.41,56665.38,533453.42
5/3/2016,10.09,10.12,9.29,9.36,90980.27,851616.48
5/2/2016,8.79,10.23,8.79,10.06,164136.25,1650962.08
5/1/2016,8.79,9.03,8.46,8.77,44660.02,391576.46
4/30/2016,7.43,9.32,7.43,8.82,154514.52,1363325.69
4/29/2016,7.19,7.71,7.19,7.45,26177.76,194991.53
4/28/2016,7.81,7.83,7.19,7.19,36212.15,260442.59
4/27/2016,7.43,7.95,7.34,7.81,47267.71,369080.52
4/26/2016,7.56,7.56,7.12,7.42,71352.21,529354.37
4/25/2016,8.02,8.11,7.30,7.55,97317.01,734362.96
4/24/2016,8.34,8.48,7.99,7.99,43049.47,343915.20
4/23/2016,7.89,8.61,7.79,8.40,38774.05,325633.69
4/22/2016,8.15,8.32,7.71,7.88,49194.98,387436.86
4/21/2016,8.49,8.72,8.01,8.17,37682.29,307761.30
4/20/2016,8.71,8.85,8.35,8.49,81030.57,687923.76
4/19/2016,9.01,9.26,8.59,8.70,50453.11,439176.68
4/18/2016,9.31,9.53,8.53,8.98,61600.12,553460.93
4/17/2016,8.59,10.03,8.56,9.31,76774.26,715105.66
4/16/2016,8.25,8.59,8.16,8.58,38891.85,333531.09
4/15/2016,8.46,8.62,8.15,8.28,20562.17,170229.44
4/14/2016,8.02,8.80,8.00,8.46,36413.47,307941.91
4/13/2016,7.49,8.71,7.04,8.02,103211.42,827806.76
4/12/2016,8.69,8.69,7.17,7.46,80555.96,600752.21
4/11/2016,8.83,8.87,8.01,8.69,54545.18,473934.02
4/10/2016,9.06,9.20,7.58,8.81,183931.15,1620927.81
4/9/2016,9.75,10.10,9.03,9.06,57688.95,522487.74
4/8/2016,10.30,10.48,9.58,9.75,32850.25,320240.25
4/7/2016,10.66,10.74,10.25,10.28,46717.53,480168.49
4/6/2016,10.46,11.02,10.25,10.66,30863.84,328870.32
4/5/2016,11.15,11.34,10.12,10.44,78117.93,815531.56
4/4/2016,11.59,11.63,10.96,11.15,31954.58,356211.70
4/3/2016,11.58,11.66,11.46,11.59,11364.97,131734.66
4/2/2016,11.63,11.67,11.40,11.56,9228.76,106721.67
4/1/2016,11.37,11.86,11.33,11.63,19521.05,226941.90
3/31/2016,11.85,12.05,11.34,11.37,39560.76,449888.80
3/30/2016,11.63,12.12,11.34,11.88,52589.85,624894.36
3/29/2016,11.61,11.83,11.28,11.62,36478.70,423876.69
3/28/2016,10.43,11.80,10.35,11.61,60244.90,699387.03
3/27/2016,10.99,11.05,10.14,10.34,42516.59,439768.88
3/26/2016,10.64,11.26,10.61,10.95,23618.58,258596.46
3/25/2016,11.16,11.37,10.53,10.64,38428.11,408726.84
3/24/2016,12.42,12.48,10.85,11.16,62821.51,701205.84
3/23/2016,11.42,12.47,11.03,12.42,52740.08,654863.78
3/22/2016,11.88,12.16,11.01,11.28,61223.61,690455.33
3/21/2016,10.32,11.99,10.11,11.84,69811.00,826251.60
3/20/2016,10.56,10.84,9.57,10.16,44449.33,451708.22
3/19/2016,10.98,11.13,9.84,10.58,47250.17,500006.11
3/18/2016,10.97,11.13,8.20,10.89,153125.99,1666917.82
3/17/2016,12.54,12.64,10.27,10.97,115776.43,1269759.70
3/16/2016,13.14,13.74,12.49,12.51,47017.13,588256.77
3/15/2016,12.60,13.36,11.98,13.13,65889.01,865118.98
3/14/2016,14.40,14.85,10.00,12.35,116203.95,1435087.25
3/13/2016,13.45,15.18,12.50,13.09,113107.46,1480620.68
3/12/2016,11.05,13.48,11.03,13.30,120371.45,1601007.90
3/11/2016,11.19,11.62,10.40,11.06,26156.16,289298.64
3/10/2016,11.55,12.05,10.95,11.20,59443.75,665781.54
3/9/2016,9.76,11.99,9.60,11.98,46707.42,559748.92
3/8/2016,9.49,10.89,8.49,9.77,57573.55,562496.44
3/7/2016,11.19,11.47,9.06,9.49,65990.89,626173.91
3/6/2016,10.89,11.90,9.99,11.00,58116.84,639282.85
3/5/2016,10.03,12.00,9.79,10.50,139435.82,1464148.95
3/4/2016,9.05,10.00,8.27,10.00,112839.55,1128396.34
3/3/2016,8.41,9.94,8.30,9.11,86768.52,790569.24
3/2/2016,7.55,9.90,7.04,8.41,56389.96,474286.56
3/1/2016,6.35,7.60,6.25,7.55,51033.94,385303.04
2/29/2016,6.50,6.63,6.00,6.35,14775.84,93816.44
2/28/2016,6.31,6.54,6.19,6.50,10772.02,70008.17
2/27/2016,5.87,6.50,5.75,6.31,24244.08,153001.06
2/26/2016,6.10,6.29,5.71,6.03,12477.57,75183.73
2/25/2016,6.23,6.64,5.60,6.10,30760.93,187641.76
2/24/2016,5.55,6.40,5.51,6.23,29147.34,181712.70
2/23/2016,5.60,6.00,5.32,5.55,23927.52,132792.74
2/22/2016,4.63,5.60,4.50,5.60,32717.20,183204.24
2/21/2016,4.37,4.63,4.00,4.63,21604.03,100026.67
2/20/2016,4.72,4.72,4.01,4.37,11774.36,51495.65
2/19/2016,4.49,4.75,4.15,4.70,13616.31,63996.67
2/18/2016,3.79,4.70,3.38,4.49,36191.67,162510.60
2/17/2016,4.25,4.77,3.59,3.79,45342.77,172057.75
2/16/2016,5.15,5.44,4.08,4.25,28685.96,121918.49
2/15/2016,5.20,5.98,4.90,5.15,25687.60,132346.65
2/14/2016,5.33,5.41,4.50,5.25,19302.94,101359.56
2/13/2016,5.50,5.79,4.12,5.30,57988.56,307344.76
2/12/2016,6.00,6.47,5.05,5.40,40898.75,220862.29
2/11/2016,4.35,6.38,3.44,5.75,44214.12,254232.03
2/10/2016,4.00,4.99,3.78,4.35,88455.89,384797.12
2/9/2016,3.19,3.97,3.14,3.94,29754.91,117173.49
2/8/2016,2.90,3.24,2.75,3.19,21127.13,67391.97
2/7/2016,2.55,3.00,2.51,2.90,16370.02,47439.50
2/6/2016,2.56,2.57,2.48,2.55,5847.24,14909.51
2/5/2016,2.55,2.59,2.47,2.56,7741.86,19854.46
2/4/2016,2.53,2.79,2.50,2.55,8531.01,21754.68
2/3/2016,2.45,2.54,2.30,2.53,1798.60,4552.59
2/2/2016,2.17,2.45,2.12,2.45,8510.68,20821.62
2/1/2016,2.20,2.32,2.00,2.17,10745.46,23267.90
1/31/2016,2.44,2.54,2.20,2.20,16251.65,35761.19
1/30/2016,2.50,2.60,2.37,2.44,3147.60,7682.27
1/29/2016,2.55,2.61,2.32,2.50,25048.68,62590.21
1/28/2016,2.40,2.61,2.24,2.55,5116.81,13029.56
1/27/2016,5.00,5.00,1.88,2.40,13619.55,32689.26
1/26/2016,2.60,5.00,2.25,5.00,0.37,1.86
1/25/2016,2.10,2.61,2.05,2.60,15340.46,39816.78
1/24/2016,2.00,2.30,1.64,2.10,61453.09,129051.48
1/23/2016,1.52,2.03,1.39,2.00,23357.59,46715.19
1/22/2016,1.50,1.66,1.50,1.52,6863.38,10432.26
1/21/2016,1.40,1.54,1.40,1.50,23187.89,34687.46
1/20/2016,1.36,1.61,1.28,1.40,4352.62,6105.03
1/19/2016,1.47,1.47,1.22,1.36,1957.06,2651.93
1/18/2016,1.32,1.55,1.31,1.47,25701.25,37780.84
1/17/2016,1.21,1.31,1.21,1.31,1319.76,1728.88
1/16/2016,1.30,1.32,1.20,1.21,5209.76,6313.13
1/15/2016,1.17,1.33,1.16,1.30,6375.02,8280.58
1/14/2016,1.14,1.17,1.10,1.17,1749.91,2056.11
1/13/2016,1.22,1.22,1.07,1.14,7772.15,8842.37
1/12/2016,1.08,1.25,1.06,1.22,18475.12,22631.52
1/11/2016,1.00,1.12,1.00,1.08,8892.63,9631.14
1/10/2016,1.00,1.01,0.99,1.00,1376.66,1376.66
1/9/2016,1.00,1.01,0.97,1.00,2967.67,2962.42
1/8/2016,0.97,1.05,0.96,1.00,6841.06,6819.92
1/7/2016,0.97,0.97,0.94,0.97,1317.38,1273.86
1/6/2016,0.94,0.97,0.94,0.97,1123.54,1086.32
1/5/2016,0.95,0.96,0.84,0.94,857.45,808.23
1/4/2016,1.12,1.12,0.92,0.95,696.54,661.74
1/3/2016,0.98,1.19,0.97,1.12,37.49,41.86
1/2/2016,0.92,0.97,0.92,0.97,75.26,73.15
1/1/2016,1.01,1.12,0.92,0.92,2.10,1.93
12/31/2015,0.90,1.02,0.90,1.01,241.78,244.52
12/30/2015,0.92,0.99,0.88,0.90,661.14,593.00
12/29/2015,0.88,0.92,0.88,0.92,528.26,487.32
12/28/2015,0.92,0.92,0.84,0.88,3711.51,3247.68
12/27/2015,0.85,0.92,0.84,0.92,1282.96,1177.75
12/26/2015,0.88,1.00,0.85,0.85,2809.15,2396.21
12/25/2015,0.87,0.88,0.86,0.88,17.04,15.03
12/24/2015,0.87,0.89,0.85,0.87,1233.18,1072.87
12/23/2015,0.88,0.99,0.87,0.87,395.24,344.22
12/22/2015,0.91,1.00,0.88,0.88,3930.99,3459.79
12/21/2015,1.07,1.14,0.91,0.91,1889.12,1719.37
12/20/2015,0.91,1.07,0.91,1.07,1281.96,1365.29
12/19/2015,0.90,0.93,0.90,0.91,75.56,68.98
12/18/2015,0.95,0.98,0.90,0.90,5.08,4.57
12/17/2015,0.81,0.97,0.81,0.95,199.88,189.94
12/16/2015,1.00,1.01,0.80,0.81,4480.50,3626.89
12/15/2015,0.99,1.00,0.96,1.00,6769.05,6768.93
12/14/2015,0.92,0.99,0.92,0.99,4356.65,4313.73
12/13/2015,0.96,0.98,0.92,0.92,1002.38,923.71
12/12/2015,0.90,0.96,0.90,0.96,2465.59,2374.85
12/11/2015,0.84,0.90,0.77,0.90,2795.46,2516.27
12/10/2015,0.81,0.87,0.78,0.84,4873.63,4111.99
12/9/2015,0.79,0.85,0.76,0.81,8130.16,6545.38
12/8/2015,0.80,0.90,0.78,0.79,5956.38,4733.33
12/7/2015,0.84,0.84,0.79,0.80,314.42,252.27
12/6/2015,0.87,0.88,0.84,0.84,145.54,122.82
12/5/2015,0.85,0.87,0.84,0.87,329.06,287.55
12/4/2015,0.83,0.86,0.83,0.85,171.98,146.73
12/3/2015,0.82,0.83,0.80,0.83,667.24,555.75
12/2/2015,0.87,0.88,0.80,0.82,3545.19,2916.43
12/1/2015,0.88,0.89,0.85,0.87,253.80,221.45
11/30/2015,0.87,0.90,0.87,0.88,84.73,74.89
11/29/2015,0.91,0.91,0.85,0.87,802.50,699.14
11/28/2015,0.88,0.91,0.88,0.91,127.54,115.74
11/27/2015,0.86,0.90,0.86,0.88,758.63,671.08
11/26/2015,0.87,0.91,0.82,0.86,4262.81,3682.13
11/25/2015,1.07,1.07,0.87,0.87,1132.55,985.52
11/24/2015,0.92,1.07,0.91,1.07,9.20,9.82
11/23/2015,1.19,1.19,0.92,0.92,3.20,2.94
11/22/2015,1.00,1.34,1.00,1.19,16.08,19.13
11/21/2015,0.92,1.33,0.92,1.00,1920.66,1915.35
11/20/2015,0.96,1.05,0.91,0.92,138.95,127.85
11/19/2015,1.00,1.00,0.94,0.96,1279.39,1224.78
11/18/2015,1.00,1.00,0.95,1.00,1636.21,1633.33
11/17/2015,0.93,1.00,0.92,1.00,7343.25,7330.69
11/16/2015,0.92,0.93,0.66,0.93,2773.00,2568.54
11/15/2015,0.88,0.92,0.87,0.92,631.07,581.33
11/14/2015,0.90,0.91,0.87,0.88,94.91,83.52
11/13/2015,0.88,0.90,0.84,0.90,566.79,510.06
11/12/2015,0.76,0.90,0.76,0.88,327.49,288.06
11/11/2015,0.90,0.94,0.74,0.76,2893.45,2205.34
11/10/2015,1.01,1.01,0.90,0.90,6655.00,5989.68
11/9/2015,0.99,1.08,0.91,1.01,3138.08,3158.59
11/8/2015,0.93,1.00,0.89,0.99,3556.70,3521.59
11/7/2015,0.99,0.99,0.86,0.93,957.31,890.30
11/6/2015,0.89,0.99,0.79,0.99,1633.33,1609.86
11/5/2015,0.83,1.01,0.83,0.89,761.02,676.34
11/4/2015,1.05,1.06,0.79,0.83,1757.21,1467.13
11/3/2015,0.99,1.06,0.84,1.05,3304.89,3485.85
11/2/2015,1.07,1.08,0.99,0.99,4745.80,4684.11
11/1/2015,0.87,1.07,0.87,1.07,45.41,48.72
10/31/2015,1.14,1.14,0.87,0.87,801.69,701.27
10/30/2015,1.16,1.33,1.10,1.14,3516.19,4003.08
10/29/2015,0.99,1.18,0.90,1.11,5708.80,6350.21
10/28/2015,0.83,1.01,0.82,0.99,4036.39,3997.23
10/27/2015,0.72,0.88,0.70,0.83,1877.21,1565.65
10/26/2015,0.62,0.72,0.62,0.72,2083.64,1494.32
10/25/2015,0.56,0.67,0.56,0.62,1036.24,643.37
10/24/2015,0.56,0.56,0.51,0.56,295.27,164.19
10/23/2015,0.61,0.61,0.50,0.56,3584.45,2011.04
10/22/2015,0.42,0.61,0.41,0.61,3354.22,2035.87
10/21/2015,0.44,0.47,0.42,0.42,761.19,320.71
10/20/2015,0.51,0.51,0.44,0.44,1849.69,819.58
10/19/2015,0.51,0.51,0.49,0.51,1125.93,571.56
10/18/2015,0.52,0.52,0.51,0.51,1116.64,564.38
10/17/2015,0.53,0.54,0.52,0.52,870.29,455.15
10/16/2015,0.55,0.56,0.53,0.53,265.59,139.52
10/15/2015,0.49,0.55,0.49,0.55,35.20,19.46
10/14/2015,0.60,0.60,0.49,0.49,2456.68,1209.18
10/13/2015,0.65,0.65,0.60,0.60,701.78,422.32
10/12/2015,0.61,0.67,0.61,0.65,42.93,27.78
10/11/2015,0.64,0.72,0.61,0.61,16.01,9.79
10/10/2015,0.64,0.67,0.64,0.64,242.35,153.91
10/9/2015,0.62,0.64,0.57,0.64,2178.77,1393.52
10/8/2015,0.61,0.67,0.60,0.62,5751.58,3573.67
10/7/2015,0.63,0.70,0.61,0.61,2346.28,1437.40
10/6/2015,0.66,0.70,0.63,0.63,1090.00,687.21
10/5/2015,0.62,0.72,0.61,0.66,338.63,222.85
10/4/2015,0.69,0.69,0.62,0.62,466.27,287.81
10/3/2015,0.66,0.70,0.66,0.69,103.30,71.40
10/2/2015,0.67,0.68,0.66,0.66,440.28,292.45
10/1/2015,0.72,0.73,0.67,0.67,687.99,459.56
9/30/2015,0.68,0.74,0.54,0.72,457.25,328.08
9/29/2015,0.60,0.68,0.50,0.68,4274.50,2914.89
9/28/2015,0.70,0.74,0.60,0.60,5259.34,3155.69
9/27/2015,0.72,0.75,0.70,0.70,4.00,2.81
9/26/2015,0.68,0.72,0.68,0.72,145.95,105.53
9/25/2015,0.81,0.81,0.68,0.68,2769.55,1891.47
9/24/2015,0.92,0.92,0.80,0.81,366.53,295.73
9/23/2015,0.84,0.92,0.81,0.92,0.78,0.72
9/22/2015,1.00,1.00,0.84,0.84,4.88,4.10
9/21/2015,0.95,1.00,0.94,1.00,1.00,1.00
9/20/2015,0.90,0.95,0.90,0.95,57.75,54.71
9/19/2015,0.85,0.90,0.84,0.90,306.62,275.92
9/18/2015,0.98,0.98,0.85,0.85,810.85,692.38
9/17/2015,0.97,0.99,0.84,0.98,136.99,134.83
9/16/2015,0.95,0.97,0.95,0.97,315.34,307.31
9/15/2015,0.96,1.00,0.85,0.95,2831.53,2698.18
9/14/2015,0.89,0.96,0.89,0.96,1143.93,1099.30
9/13/2015,1.11,1.11,0.89,0.89,4119.12,3678.62
9/12/2015,0.95,1.23,0.95,1.11,541.18,599.48
9/11/2015,1.18,1.18,0.95,0.95,2311.73,2191.78
9/10/2015,1.41,1.41,1.13,1.18,671.42,792.14
9/9/2015,1.26,1.41,1.25,1.41,119.34,168.54
9/8/2015,1.26,1.26,1.25,1.26,82.23,103.90
9/7/2015,1.35,1.35,1.26,1.26,198.85,250.59
9/6/2015,1.37,1.39,1.34,1.35,401.54,540.76
9/5/2015,1.35,1.37,1.30,1.37,7841.39,10742.63
9/4/2015,1.23,1.40,1.23,1.35,3.25,4.39
9/3/2015,1.32,1.33,1.23,1.23,2650.10,3270.63
9/2/2015,1.36,1.37,1.14,1.28,369.79,473.49
9/1/2015,1.31,1.38,1.31,1.36,921.59,1253.37
8/31/2015,1.32,1.32,0.92,1.31,3020.39,3956.53
8/30/2015,1.18,1.35,1.17,1.32,7060.38,9313.47
8/29/2015,1.30,1.30,1.15,1.18,329.64,388.81
8/28/2015,1.14,1.30,1.14,1.30,20766.09,26892.09
8/27/2015,1.17,1.19,1.14,1.14,230.29,261.72
8/26/2015,1.25,1.25,1.10,1.17,2296.11,2696.40
8/25/2015,1.24,1.28,1.22,1.25,1301.12,1630.37
8/24/2015,1.48,1.59,1.24,1.24,4993.77,6181.64
8/23/2015,1.40,1.53,1.34,1.48,322.46,475.92
8/22/2015,1.45,1.50,1.40,1.40,286.80,402.85
8/21/2015,1.49,1.53,1.44,1.45,7130.79,10333.35
8/20/2015,1.26,1.49,1.26,1.49,1087.62,1621.53
8/19/2015,1.10,1.26,1.10,1.26,3205.55,4023.66
8/18/2015,1.30,1.36,0.99,0.99,3988.94,3949.75
8/17/2015,1.59,1.59,1.25,1.30,4057.58,5260.17
8/16/2015,1.79,1.79,0.50,1.50,9756.15,14673.06
8/15/2015,1.79,1.79,1.50,1.79,8677.61,15532.92
8/14/2015,1.88,2.10,1.79,1.79,5775.81,10366.94
8/13/2015,1.29,1.88,1.26,1.88,2815.45,5306.56
8/12/2015,0.99,1.29,0.91,1.29,1736.11,2236.12
8/11/2015,1.20,1.20,0.65,0.99,9234.57,9142.22
8/10/2015,1.20,1.20,1.20,1.20,0.00,0.00
8/9/2015,1.20,1.20,1.20,1.20,0.00,0.00
8/8/2015,3.00,3.00,0.15,1.20,1942.89,2331.45
