Date,Open,High,Low,Close,volume,market cap (USD)
1/25/2019,74.23,79.42,73.83,74.93,158528.19,11877952.61
1/24/2019,71.88,77.92,71.80,74.11,160736.27,11911739.94
1/23/2019,76.15,81.69,71.83,71.88,170444.42,12251635.22
1/22/2019,75.59,78.04,70.47,76.13,167960.14,12787596.51
1/21/2019,77.07,77.08,75.59,75.59,150586.92,11382555.75
1/20/2019,80.18,80.33,74.57,77.08,167726.88,12928084.84
1/19/2019,77.29,81.81,77.13,80.21,152040.41,12194481.03
1/18/2019,71.80,77.55,71.72,77.28,221037.12,17081649.38
1/17/2019,71.69,76.43,71.01,71.84,25154.01,1807138.56
1/16/2019,76.62,76.62,70.08,71.95,133510.74,9605458.78
1/15/2019,76.99,77.07,74.41,76.64,112167.76,8596054.49
1/14/2019,78.60,79.34,76.37,77.01,133261.33,10262870.10
1/13/2019,79.80,80.45,73.04,78.59,120937.39,9504988.26
1/12/2019,79.12,79.80,73.81,79.80,71625.26,5715560.71
1/11/2019,78.37,79.57,77.08,79.11,69379.79,5488512.95
1/10/2019,88.04,88.54,75.34,78.47,104832.15,8226145.85
1/9/2019,85.14,89.80,84.69,87.99,93846.13,8257668.45
1/8/2019,88.21,88.39,84.72,85.18,81858.13,6972362.58
1/7/2019,89.68,90.23,87.06,88.27,68198.96,6019721.60
1/6/2019,84.17,90.31,83.98,89.72,74726.77,6704396.53
1/5/2019,85.59,86.69,83.67,84.16,82410.90,6935541.90
1/4/2019,84.07,89.34,83.76,85.52,65222.52,5577542.84
1/3/2019,87.07,90.63,83.39,84.07,78251.06,6578710.08
1/2/2019,84.91,87.48,84.35,87.37,78271.85,6838261.73
1/1/2019,83.25,84.99,82.00,84.94,73719.01,6261595.40
12/31/2018,85.40,86.77,83.27,83.27,73986.20,6160511.56
12/30/2018,84.08,86.40,80.93,85.41,86778.32,7411643.48
12/29/2018,87.55,87.88,83.48,84.20,78175.64,6582411.03
12/28/2018,79.92,88.32,79.55,87.40,76313.05,6669926.69
12/27/2018,87.16,87.16,79.84,79.92,75447.61,6030025.05
12/26/2018,86.55,89.14,83.80,87.14,71873.42,6262962.98
12/25/2018,97.36,97.36,83.18,86.50,93420.52,8081121.19
12/24/2018,93.53,107.24,93.53,97.07,105982.75,10287622.80
12/23/2018,90.47,95.99,90.47,93.51,76215.31,7127151.57
12/22/2018,89.47,95.97,86.39,90.42,99059.65,8956796.23
12/21/2018,100.33,100.33,88.87,89.47,108261.59,9685700.12
12/20/2018,79.38,102.15,77.21,102.15,118381.03,12092064.32
12/19/2018,74.92,85.39,74.90,79.41,89258.90,7087615.01
12/18/2018,73.50,74.88,71.33,74.88,73913.21,5534664.31
12/17/2018,65.40,77.86,65.40,73.50,96855.52,7119286.97
12/16/2018,65.13,67.82,63.96,65.41,80481.74,5264393.06
12/15/2018,63.07,67.02,60.95,65.19,123470.33,8048658.53
12/14/2018,64.87,65.34,62.73,63.09,77039.44,4860280.04
12/13/2018,69.16,70.70,64.66,64.83,88592.56,5743400.49
12/12/2018,68.11,72.29,67.90,69.14,81030.74,5602697.31
12/11/2018,71.64,73.56,67.79,68.11,81165.54,5528118.98
12/10/2018,80.31,80.38,69.96,71.65,81878.13,5866816.93
12/9/2018,70.89,81.09,68.60,80.41,73571.23,5915528.51
12/8/2018,70.99,73.69,68.77,70.97,72453.60,5142086.51
12/7/2018,75.70,75.70,64.54,72.55,100825.85,7314939.22
12/6/2018,85.98,86.16,75.55,75.70,76657.02,5803035.34
12/5/2018,90.10,90.55,83.92,85.99,73594.37,6328576.79
12/4/2018,92.67,93.28,89.75,90.11,67199.82,6055301.54
12/3/2018,97.31,97.45,90.24,90.30,62928.71,5682148.26
12/2/2018,99.44,100.16,97.20,97.26,42518.03,4135446.60
12/1/2018,95.36,100.91,95.30,99.45,38294.13,3808424.55
11/30/2018,99.42,101.91,92.44,95.35,47916.77,4568629.75
11/29/2018,103.05,103.26,97.77,99.42,51732.76,5143095.36
11/28/2018,94.00,105.05,94.00,103.05,55460.65,5715078.87
11/27/2018,94.80,95.95,91.57,93.99,60542.97,5690535.53
11/26/2018,95.08,98.89,88.83,94.82,66071.67,6264738.55
11/25/2018,99.27,99.48,88.06,95.37,85415.16,8145948.83
11/24/2018,103.95,106.69,96.96,98.07,46848.58,4594641.06
11/23/2018,108.44,109.00,99.84,103.87,50115.26,5205262.40
11/22/2018,118.62,119.17,110.38,110.38,42442.47,4684667.07
11/21/2018,110.07,118.89,108.24,118.63,41962.78,4978083.43
11/20/2018,114.07,117.50,103.73,109.57,72418.25,7934732.74
11/19/2018,139.33,139.48,114.12,114.34,76910.23,8793953.86
11/18/2018,140.45,141.71,138.03,139.30,33569.51,4676140.31
11/17/2018,144.12,149.89,139.05,139.30,31881.08,4441006.05
11/16/2018,144.87,150.63,142.49,144.08,34932.13,5032881.55
11/15/2018,152.35,152.80,136.89,144.80,45721.89,6620385.84
11/14/2018,164.83,166.68,147.80,152.17,47082.09,7164258.27
11/13/2018,165.79,167.26,163.66,164.88,18230.15,3005707.65
11/12/2018,163.67,167.49,163.34,165.61,19055.11,3155755.96
11/11/2018,165.79,166.08,162.44,163.81,18834.00,3085262.16
11/10/2018,162.58,167.03,161.88,165.90,21058.14,3493483.77
11/9/2018,167.07,169.42,162.37,162.43,21904.66,3557935.00
11/8/2018,169.33,175.34,166.77,167.13,22666.46,3788357.66
11/7/2018,172.39,174.36,165.15,168.36,18562.11,3125041.27
11/6/2018,163.96,174.57,163.88,172.67,23913.65,4129263.14
11/5/2018,165.68,168.71,163.28,163.96,21725.39,3562162.07
11/4/2018,157.07,169.81,155.03,165.84,36262.17,6013746.65
11/3/2018,157.05,158.20,155.39,157.44,10948.51,1723695.58
11/2/2018,155.65,157.75,155.01,157.18,8929.49,1403527.48
11/1/2018,154.51,157.32,154.18,155.65,10533.77,1639599.74
10/31/2018,153.83,158.26,153.68,154.54,20051.60,3098821.73
10/30/2018,151.27,154.97,151.01,153.78,12573.54,1933545.16
10/29/2018,157.16,158.42,150.59,151.19,13969.42,2112042.84
10/28/2018,155.20,157.72,154.84,157.15,8870.33,1393998.87
10/27/2018,157.59,158.69,153.58,155.21,9164.36,1422365.62
10/26/2018,157.36,158.02,155.24,157.61,12863.44,2027466.76
10/25/2018,158.50,159.12,156.38,157.33,8481.23,1334314.79
10/24/2018,155.65,161.90,155.60,158.59,16556.75,2625652.19
10/23/2018,154.93,156.26,154.79,155.55,9429.09,1466716.85
10/22/2018,158.96,158.98,154.61,154.85,8951.29,1386124.67
10/21/2018,161.06,162.54,157.77,159.08,7595.09,1208237.10
10/20/2018,156.27,161.29,155.03,161.04,7439.64,1198114.84
10/19/2018,158.09,158.74,154.85,156.32,8357.78,1306500.16
10/18/2018,163.32,163.70,157.10,158.27,7358.18,1164607.32
10/17/2018,167.16,167.16,162.38,163.29,11508.16,1879162.89
10/16/2018,169.89,172.29,165.61,167.32,8542.41,1429281.33
10/15/2018,162.12,176.99,160.13,169.59,22896.84,3883130.31
10/14/2018,168.62,170.06,161.87,162.10,8027.82,1301294.93
10/13/2018,160.57,168.45,160.57,168.45,8111.10,1366275.77
10/12/2018,159.71,165.80,156.50,160.55,13535.23,2173081.39
10/11/2018,181.17,181.17,159.56,160.13,18649.93,2986414.35
10/10/2018,183.98,183.98,179.22,181.26,12117.64,2196485.06
10/9/2018,184.54,184.60,182.73,183.67,9839.92,1807298.32
10/8/2018,181.48,185.57,180.42,184.64,11363.55,2098136.60
10/7/2018,183.09,183.72,178.68,181.46,11038.18,2002955.78
10/6/2018,182.68,187.28,182.45,183.09,13804.10,2527367.92
10/5/2018,185.64,186.05,181.63,182.73,9990.05,1825471.70
10/4/2018,180.81,186.82,180.81,185.53,8943.80,1659320.35
10/3/2018,182.46,182.46,177.97,180.81,11317.51,2046324.35
10/2/2018,188.42,188.94,181.35,182.46,13612.53,2483772.21
10/1/2018,188.40,189.21,186.68,188.46,9043.50,1704364.80
9/30/2018,189.90,190.70,187.76,188.47,9081.43,1711594.12
9/29/2018,188.59,191.66,185.78,189.86,8937.17,1696817.15
9/28/2018,196.08,196.31,187.16,188.61,13991.83,2638969.00
9/27/2018,186.32,197.27,185.44,196.11,18256.11,3580218.35
9/26/2018,190.39,193.84,185.91,186.83,12400.82,2316846.85
9/25/2018,199.10,199.10,182.95,190.48,17318.49,3298879.93
9/24/2018,204.67,205.28,193.78,199.36,15303.60,3050895.89
9/23/2018,204.65,210.28,202.90,204.83,13262.99,2716688.72
9/22/2018,209.50,213.57,199.86,204.94,17147.20,3514168.43
9/21/2018,199.07,211.34,199.07,209.63,24089.88,5050062.52
9/20/2018,190.99,200.10,188.45,199.62,20885.37,4169041.09
9/19/2018,190.19,195.03,185.77,191.02,23763.29,4539319.77
9/18/2018,183.65,191.22,178.94,190.23,17039.03,3241409.58
9/17/2018,191.94,198.32,180.07,183.87,22913.12,4213094.72
9/16/2018,191.79,193.34,185.50,191.95,10931.68,2098376.54
9/15/2018,191.40,194.88,187.50,192.05,13186.11,2532391.43
9/14/2018,192.45,199.93,186.34,191.24,15879.82,3036789.53
9/13/2018,186.17,201.71,182.55,192.75,32862.49,6334188.32
9/12/2018,188.37,188.38,173.05,186.10,26152.19,4866938.64
9/11/2018,202.73,206.30,182.32,187.95,26628.55,5004895.16
9/10/2018,193.79,206.57,193.79,202.23,36744.00,7430863.05
9/9/2018,186.87,198.84,177.37,193.73,33828.32,6553411.41
9/8/2018,186.92,201.75,183.87,186.96,38606.52,7217794.23
9/7/2018,181.33,194.64,172.76,186.71,31199.14,5825179.37
9/6/2018,174.24,181.22,162.47,180.97,32968.95,5966555.96
9/5/2018,217.06,221.09,173.46,173.80,33529.71,5827307.18
9/4/2018,217.19,220.64,213.20,216.77,16726.66,3625890.03
9/3/2018,212.93,220.78,205.42,217.20,19782.73,4296787.69
9/2/2018,221.84,222.04,206.06,212.94,25209.76,5368279.69
9/1/2018,193.66,221.99,193.66,221.48,44069.89,9760491.62
8/31/2018,184.45,194.90,182.78,193.87,22917.87,4443105.41
8/30/2018,186.83,186.93,174.67,184.23,26847.81,4946059.15
8/29/2018,193.96,201.00,185.99,187.28,34987.29,6552254.83
8/28/2018,183.57,201.48,172.18,194.34,84452.17,16412815.10
8/27/2018,141.93,188.76,140.90,184.74,72112.44,13321961.90
8/26/2018,145.00,145.00,139.76,141.55,9379.31,1327611.26
8/25/2018,145.56,146.60,142.24,144.97,8582.58,1244222.49
8/24/2018,140.90,146.32,138.73,145.45,11266.54,1638708.18
8/23/2018,137.57,141.93,136.25,141.23,13105.52,1850852.63
8/22/2018,142.20,151.90,136.53,137.27,17555.65,2409815.91
8/21/2018,142.77,146.72,139.82,142.70,11506.51,1641927.26
8/20/2018,154.90,157.71,142.89,142.89,16742.94,2392379.13
8/19/2018,152.26,160.71,149.43,155.06,21208.61,3288587.17
8/18/2018,167.00,169.43,146.82,152.18,18050.03,2746928.99
8/17/2018,151.54,167.00,151.54,167.00,12910.12,2155965.07
8/16/2018,155.37,160.16,150.10,152.23,10378.41,1579895.74
8/15/2018,138.43,162.87,138.43,155.18,23512.28,3648646.73
8/14/2018,145.40,145.40,134.35,138.03,29773.45,4109594.92
8/13/2018,171.35,172.77,145.25,145.38,26236.80,3814184.83
8/12/2018,168.19,172.81,167.06,170.94,14246.31,2435251.15
8/11/2018,170.82,174.28,165.11,168.42,13129.99,2211389.46
8/10/2018,186.82,190.54,169.99,170.63,17398.11,2968726.58
8/9/2018,175.75,193.86,174.76,186.63,14100.00,2631479.70
8/8/2018,188.52,190.97,171.89,175.17,29423.23,5154066.94
8/7/2018,200.38,207.25,188.85,188.85,25008.52,4722981.82
8/6/2018,207.27,211.94,199.88,199.88,15004.24,2999045.24
8/5/2018,203.58,209.08,202.34,206.55,10701.14,2210354.16
8/4/2018,211.10,214.32,201.73,203.31,11941.63,2427806.02
8/3/2018,211.73,213.54,205.05,210.90,14401.66,3037338.93
8/2/2018,225.33,227.78,208.07,212.21,13863.35,2941929.06
8/1/2018,218.21,227.82,214.31,225.13,15365.55,3459237.41
7/31/2018,236.41,236.41,214.24,219.05,18756.35,4108497.68
7/30/2018,239.17,239.59,232.18,236.32,9776.29,2310284.09
7/29/2018,241.28,243.42,237.79,239.38,11061.46,2647934.22
7/28/2018,246.18,247.21,239.83,240.92,9136.56,2201217.28
7/27/2018,244.33,256.13,236.90,246.28,15506.58,3818940.59
7/26/2018,248.74,250.47,244.30,244.30,11695.84,2857305.35
7/25/2018,260.45,262.53,246.48,250.91,10892.56,2733002.78
7/24/2018,244.16,262.25,241.55,261.40,18228.77,4765042.06
7/23/2018,255.09,268.04,240.94,243.92,34310.70,8368995.60
7/22/2018,263.55,267.27,252.49,255.17,20155.46,5143148.93
7/21/2018,249.10,264.93,244.17,263.72,16418.96,4329990.01
7/20/2018,266.00,286.60,248.56,249.05,36496.70,9089452.03
7/19/2018,272.19,277.63,261.86,266.12,18322.40,4875927.50
7/18/2018,272.01,279.34,267.77,272.95,21091.77,5757032.08
7/17/2018,272.39,276.81,262.28,272.28,19718.67,5369016.48
7/16/2018,259.33,285.06,253.56,272.23,25122.09,6838869.61
7/15/2018,245.18,259.42,244.48,258.06,20718.02,5346584.81
7/14/2018,226.17,246.31,223.78,245.46,15052.50,3694763.04
7/13/2018,217.64,244.37,217.35,226.40,29131.37,6595470.48
7/12/2018,239.52,239.87,213.69,217.45,24794.02,5391492.24
7/11/2018,228.02,243.35,225.93,239.42,18082.43,4329281.19
7/10/2018,237.95,238.19,226.39,227.78,17098.38,3894616.23
7/9/2018,247.14,249.28,236.84,237.94,14729.06,3504700.64
7/8/2018,248.81,250.73,244.28,247.24,13647.57,3374182.33
7/7/2018,245.32,249.06,239.83,249.02,10078.39,2509673.67
7/6/2018,243.95,245.08,238.46,245.08,10366.89,2540759.28
7/5/2018,247.36,252.35,241.23,243.28,11221.76,2729986.70
7/4/2018,242.62,251.42,231.82,246.91,15311.90,3780632.31
7/3/2018,249.03,260.40,241.99,242.38,12777.83,3097127.35
7/2/2018,235.92,253.02,235.43,248.96,12100.46,3012540.02
7/1/2018,239.99,240.91,231.57,235.95,12120.36,2859858.71
6/30/2018,236.21,245.12,233.70,240.12,13718.04,3294021.15
6/29/2018,222.79,238.44,220.22,236.38,13726.19,3244650.12
6/28/2018,230.43,230.74,220.57,222.53,10835.63,2411295.81
6/27/2018,232.29,232.48,226.68,230.22,11003.69,2533223.32
6/26/2018,242.47,243.50,230.48,232.06,11788.98,2735775.75
6/25/2018,240.06,247.84,238.24,242.44,11866.76,2877031.65
6/24/2018,247.08,247.60,229.14,240.01,21239.35,5097675.46
6/23/2018,239.32,250.06,239.18,246.99,12013.13,2967160.14
6/22/2018,263.42,263.45,236.33,239.63,16831.70,4033385.21
6/21/2018,266.07,270.16,261.45,262.90,10017.56,2633662.53
6/20/2018,262.40,266.34,256.08,265.71,13672.93,3633085.14
6/19/2018,266.28,271.50,260.44,262.65,16632.02,4368333.13
6/18/2018,268.63,268.94,254.15,266.17,17547.00,4670413.43
6/17/2018,269.84,274.19,266.68,268.80,16761.49,4505426.99
6/16/2018,259.36,271.40,259.07,269.60,14878.95,4011356.17
6/15/2018,271.12,272.69,258.76,259.35,16193.49,4199737.34
6/14/2018,249.62,273.89,249.55,271.22,18351.60,4977363.46
6/13/2018,263.58,264.83,245.39,249.41,19050.01,4751300.70
6/12/2018,273.31,279.37,262.46,262.63,22106.45,5805825.35
6/11/2018,272.58,278.19,262.74,273.28,15900.25,4345279.79
6/10/2018,301.60,301.60,271.14,272.56,24818.37,6764546.18
6/9/2018,314.05,315.18,301.51,301.51,15140.83,4565181.21
6/8/2018,317.07,318.28,305.81,313.52,15529.51,4868888.31
6/7/2018,316.26,319.66,315.94,317.08,12829.84,4068112.96
6/6/2018,318.85,320.02,309.72,315.95,11669.58,3686993.55
6/5/2018,319.03,321.47,309.88,318.92,16842.77,5371570.14
6/4/2018,332.62,335.68,314.75,319.16,14379.87,4589490.53
6/3/2018,324.69,337.94,324.64,332.79,13445.57,4474567.17
6/2/2018,319.14,329.22,315.08,324.75,16164.45,5249441.62
6/1/2018,309.08,319.62,306.22,319.18,14802.76,4724806.73
5/31/2018,307.97,318.15,304.98,309.07,15801.55,4883732.62
5/30/2018,318.87,322.45,301.08,308.34,18358.47,5660614.49
5/29/2018,291.67,323.73,289.39,318.77,22425.00,7148359.69
5/28/2018,321.14,326.73,291.27,291.73,18992.84,5540755.04
5/27/2018,328.07,328.58,317.90,321.57,14113.45,4538526.80
5/26/2018,342.46,343.34,328.31,328.31,14220.43,4668778.60
5/25/2018,348.04,349.73,335.14,342.40,14793.03,5065126.33
5/24/2018,344.60,352.72,330.95,346.54,15684.67,5435342.00
5/23/2018,361.08,361.49,334.73,345.02,19108.57,6592915.50
5/22/2018,386.58,386.69,359.26,361.50,15879.99,5740656.25
5/21/2018,403.05,404.15,385.08,386.72,14531.04,5619503.23
5/20/2018,388.06,405.71,386.89,403.21,14256.47,5748290.43
5/19/2018,396.77,404.45,387.51,387.79,15930.58,6177742.41
5/18/2018,391.48,397.55,377.93,396.44,19220.56,7619837.77
5/17/2018,415.29,419.76,389.98,391.45,17636.76,6903827.20
5/16/2018,429.94,429.94,399.65,414.39,18597.41,7706588.75
5/15/2018,434.19,453.53,424.81,431.17,22187.39,9566525.90
5/14/2018,421.31,447.05,395.08,434.71,22962.49,9981986.23
5/13/2018,408.64,425.34,398.71,422.33,14891.19,6288923.64
5/12/2018,395.28,412.82,383.17,408.78,15564.24,6362358.11
5/11/2018,422.71,424.16,392.15,395.09,25136.48,9931155.20
5/10/2018,444.68,462.47,422.76,422.76,20239.18,8556342.64
5/9/2018,444.72,449.05,418.06,445.14,19826.41,8825500.93
5/8/2018,458.52,468.93,440.17,445.23,17489.41,7786844.93
5/7/2018,486.14,487.32,449.47,459.00,27319.65,12539732.22
5/6/2018,508.03,522.81,483.02,486.25,18072.65,8787815.10
5/5/2018,486.55,511.41,485.58,507.84,19290.83,9796622.92
5/4/2018,502.29,502.29,479.72,486.12,22280.45,10831063.45
5/3/2018,486.72,513.13,483.59,502.14,23788.34,11945043.40
5/2/2018,479.71,488.61,467.82,486.66,18069.69,8793881.11
5/1/2018,473.78,483.34,457.43,479.92,20042.15,9618667.88
4/30/2018,498.29,499.98,473.01,473.37,21417.99,10138671.15
4/29/2018,497.01,505.65,479.21,498.52,16199.55,8075746.27
4/28/2018,471.53,503.48,471.53,497.19,16208.91,8058908.06
4/27/2018,503.06,503.67,472.47,474.96,21660.26,10287815.32
4/26/2018,463.22,503.93,453.77,503.48,25353.13,12764806.21
4/25/2018,525.05,525.38,449.34,463.12,36709.97,17001142.82
4/24/2018,504.87,542.85,504.87,526.27,31709.16,16687480.03
4/23/2018,465.84,524.37,460.56,503.50,37707.72,18985849.46
4/22/2018,442.15,479.03,439.44,466.00,20359.62,9487647.82
4/21/2018,460.20,461.21,427.38,443.42,22297.39,9887008.88
4/20/2018,431.19,462.60,427.24,459.05,32840.71,15075446.19
4/19/2018,420.88,434.47,408.37,430.95,24802.70,10688659.79
4/18/2018,365.49,421.83,364.21,421.15,33579.12,14141822.21
4/17/2018,364.46,377.27,360.31,365.62,18989.07,6942696.96
4/16/2018,381.88,381.88,354.58,363.94,18894.46,6876399.90
4/15/2018,357.64,385.28,357.64,381.70,23422.44,8940318.54
4/14/2018,352.31,375.46,351.45,357.07,19136.42,6833017.81
4/13/2018,355.08,388.88,344.99,353.12,32357.33,11425914.10
4/12/2018,309.11,354.00,305.97,354.00,27449.56,9717168.98
4/11/2018,299.79,309.10,298.14,308.75,18136.47,5599637.77
4/10/2018,300.44,302.45,295.60,299.43,18101.72,5420153.95
4/9/2018,311.33,321.52,295.23,300.50,19617.35,5895034.69
4/8/2018,298.52,314.04,298.52,310.74,17292.25,5373396.76
4/7/2018,288.74,309.96,287.94,298.55,23189.78,6923343.97
4/6/2018,303.45,304.13,286.24,288.53,17588.94,5074911.82
4/5/2018,301.70,306.36,291.65,303.81,21028.87,6388863.76
4/4/2018,339.93,340.03,299.84,301.82,24093.94,7272100.43
4/3/2018,314.02,342.87,314.02,339.10,24087.35,8168063.16
4/2/2018,294.84,313.83,292.11,313.08,17738.79,5553587.77
4/1/2018,308.83,314.21,290.86,294.37,22884.94,6736648.12
3/31/2018,312.62,330.51,307.11,308.66,17467.41,5391471.92
3/30/2018,331.49,335.14,305.38,313.08,26287.57,8230173.76
3/29/2018,354.20,354.45,319.61,331.65,30583.15,10143041.57
3/28/2018,358.37,370.81,352.36,354.17,17510.55,6201704.26
3/27/2018,389.76,393.61,357.56,358.04,18572.05,6649514.65
3/26/2018,414.19,415.36,374.80,392.54,18993.63,7455690.00
3/25/2018,422.28,424.39,412.69,414.91,17187.27,7131133.82
3/24/2018,428.59,457.22,424.62,424.62,20000.74,8492672.03
3/23/2018,411.06,430.16,392.84,430.16,16823.73,7236973.30
3/22/2018,432.58,439.53,399.48,411.55,18205.64,7492487.38
3/21/2018,429.40,451.76,423.95,432.01,20892.44,9025792.86
3/20/2018,409.84,442.43,398.27,428.82,22750.33,9755746.42
3/19/2018,393.89,408.55,368.13,408.17,32031.63,13074326.24
3/18/2018,390.48,394.05,343.88,394.05,33080.28,13035158.32
3/17/2018,429.27,430.72,386.67,388.34,22033.90,8556592.93
3/16/2018,421.00,435.28,405.96,430.15,19871.24,8547701.13
3/15/2018,430.30,433.45,398.98,420.70,25395.18,10683710.04
3/14/2018,489.70,495.31,423.07,430.35,22087.34,9505278.28
3/13/2018,502.52,516.87,482.21,488.99,19577.66,9573364.17
3/12/2018,530.19,549.61,488.82,503.55,19439.88,9789022.08
3/11/2018,486.84,548.13,473.12,531.10,20281.84,10771661.59
3/10/2018,498.24,528.40,482.02,487.10,17635.58,8590323.31
3/9/2018,498.04,501.38,446.25,497.51,25444.50,12658807.78
3/8/2018,516.39,533.87,491.51,497.33,22131.44,11006732.83
3/7/2018,578.30,585.08,510.94,518.11,22541.64,11678939.34
3/6/2018,612.14,612.14,563.82,579.10,19015.19,11011763.21
3/5/2018,616.71,619.80,606.70,616.04,12547.63,7729836.84
3/4/2018,608.65,617.39,595.07,615.59,12280.78,7559982.50
3/3/2018,603.66,613.25,595.07,609.00,14289.80,8702448.03
3/2/2018,617.09,618.76,597.03,604.19,15737.20,9508287.14
3/1/2018,584.18,621.63,582.72,616.60,16045.75,9893777.09
2/28/2018,610.83,619.98,584.40,584.40,18253.39,10667234.59
2/27/2018,622.91,643.30,606.14,614.64,18648.26,11461911.39
2/26/2018,589.22,631.00,577.50,622.43,16257.56,10119269.70
2/25/2018,589.65,600.05,578.48,589.27,12463.45,7344328.69
2/24/2018,626.09,641.77,576.98,589.68,19769.90,11657993.22
2/23/2018,627.35,649.52,603.55,626.20,19249.55,12054002.02
2/22/2018,660.17,678.32,592.39,628.32,27055.97,16999706.89
2/21/2018,682.88,715.15,656.11,659.83,34497.36,22762243.46
2/20/2018,725.93,733.62,681.27,681.27,27632.09,18824837.72
2/19/2018,686.22,726.75,686.22,725.94,17639.69,12805443.14
2/18/2018,738.10,741.31,667.54,687.47,25354.66,17430478.33
2/17/2018,693.19,743.01,692.13,737.61,17427.27,12854574.21
2/16/2018,695.49,717.34,678.15,695.00,20149.50,14003876.85
2/15/2018,677.18,699.92,663.13,696.65,22901.72,15954392.45
2/14/2018,597.99,679.88,597.12,677.79,27681.76,18762530.53
2/13/2018,621.58,626.82,588.60,599.31,14493.02,8685792.58
2/12/2018,587.47,628.42,583.94,621.89,16507.11,10265591.29
2/11/2018,634.57,634.57,566.66,586.02,20355.91,11929066.25
2/10/2018,632.30,664.34,604.40,633.77,25376.28,16082756.26
2/9/2018,609.03,639.77,582.28,633.69,22004.27,13943794.49
2/8/2018,524.27,611.40,524.27,609.30,26175.84,15948901.62
2/7/2018,520.94,583.07,488.76,527.61,29282.60,15449833.20
2/6/2018,452.24,529.10,386.23,523.66,42899.73,22464832.57
2/5/2018,551.41,556.98,436.21,451.42,33623.55,15178464.77
2/4/2018,636.89,651.11,534.40,554.75,25225.07,13993587.20
2/3/2018,596.33,646.48,535.84,635.63,22945.14,14584625.40
2/2/2018,621.55,622.42,456.01,594.88,51553.23,30667996.06
2/1/2018,704.52,710.35,592.26,623.90,20462.71,12766756.97
1/31/2018,692.40,701.60,668.15,699.54,16975.55,11875011.79
1/30/2018,777.82,794.44,688.23,688.23,24351.78,16759645.44
1/29/2018,821.50,824.35,764.80,777.78,16920.56,13160391.93
1/28/2018,787.81,822.67,780.17,819.91,17359.47,14233142.69
1/27/2018,790.34,795.47,764.10,786.37,13799.39,10851464.31
1/26/2018,801.77,821.90,756.72,789.97,17000.78,13430073.38
1/25/2018,793.73,831.54,792.09,803.71,15436.95,12406797.12
1/24/2018,766.89,799.32,740.36,790.57,14901.80,11780859.43
1/23/2018,771.44,802.16,698.52,763.97,21146.54,16155232.00
1/22/2018,831.47,852.33,720.32,772.76,18748.82,14488363.56
1/21/2018,935.67,938.72,810.83,824.39,17827.80,14697142.98
1/20/2018,856.88,965.32,854.96,935.95,20525.55,19210790.46
1/19/2018,833.47,876.28,807.53,854.63,19458.65,16629974.92
1/18/2018,801.73,898.37,761.90,828.48,34460.56,28549743.52
1/17/2018,750.92,831.00,616.02,793.57,52532.20,41688046.35
1/16/2018,941.24,941.24,644.63,756.99,75731.08,57328035.61
1/15/2018,1010.33,1036.10,941.76,941.76,23093.13,21748158.60
1/14/2018,1102.76,1109.04,992.99,1014.24,23892.00,24232106.05
1/13/2018,1062.34,1135.30,1062.34,1101.38,22468.18,24745927.07
1/12/2018,1011.96,1073.00,983.30,1061.06,17823.36,18911704.52
1/11/2018,1105.12,1111.68,984.83,1004.66,24099.81,24212066.01
1/10/2018,1115.20,1117.44,1045.38,1103.42,23536.68,25970924.72
1/9/2018,1089.33,1135.75,1050.41,1113.64,23975.88,26700466.97
1/8/2018,1165.90,1186.23,1017.74,1091.10,28689.63,31303348.19
1/7/2018,1164.96,1250.71,1162.56,1166.39,27630.25,32227654.13
1/6/2018,1080.42,1185.57,1075.30,1165.63,22458.97,26178958.55
1/5/2018,1125.79,1161.87,1079.31,1079.55,25138.02,27137684.82
1/4/2018,1131.65,1204.02,1059.58,1127.81,29829.43,33641959.33
1/3/2018,1165.41,1166.52,1098.32,1131.76,20503.31,23204800.39
1/2/2018,1026.84,1193.75,1026.84,1165.56,24311.25,28336310.53
1/1/2018,1018.93,1064.21,983.11,1026.85,11290.25,11593352.21
12/31/2017,962.67,1059.00,942.58,1018.79,14697.91,14974113.64
12/30/2017,1097.58,1098.00,898.39,963.53,25464.75,24535967.94
12/29/2017,1110.18,1152.39,1043.17,1097.37,20216.91,22185522.72
12/28/2017,1139.16,1141.87,1011.48,1110.45,19761.02,21943580.48
12/27/2017,1180.42,1215.31,1118.11,1141.50,18397.08,21000204.46
12/26/2017,1113.92,1179.83,1113.92,1179.51,15473.90,18251635.85
12/25/2017,1105.27,1178.69,1095.79,1120.66,16072.35,18011694.55
12/24/2017,1196.03,1196.03,986.15,1101.36,26033.65,28672485.92
12/23/2017,1177.01,1266.09,1092.47,1196.33,38504.49,46064034.48
12/22/2017,1354.09,1365.40,855.95,1164.89,84186.20,98067635.79
12/21/2017,1435.14,1518.70,1296.88,1345.62,46559.78,62651626.53
12/20/2017,1140.60,1539.73,1113.49,1429.58,81476.00,116476433.10
12/19/2017,1141.63,1218.90,1081.59,1137.92,38394.71,43690266.87
12/18/2017,1082.42,1167.39,1027.16,1158.23,35209.29,40780435.60
12/17/2017,953.61,1145.77,953.61,1080.62,62968.51,68044740.23
12/16/2017,889.18,946.41,885.48,946.41,23005.24,21772313.66
12/15/2017,926.49,926.49,838.39,887.59,29305.97,26011715.66
12/14/2017,873.69,966.71,847.43,927.43,40897.14,37929064.51
12/13/2017,913.11,929.42,785.59,869.80,48916.37,42547457.31
12/12/2017,749.85,923.24,735.94,884.77,58004.47,51320385.93
12/11/2017,671.46,750.35,671.46,749.50,29851.14,22373364.12
12/10/2017,703.91,703.91,636.11,671.77,37291.31,25051058.68
12/9/2017,699.77,746.73,690.84,705.59,40516.78,28588075.36
12/8/2017,660.26,737.24,626.93,699.05,57371.67,40105786.33
12/7/2017,676.33,686.24,630.72,659.70,42885.85,28291643.84
12/6/2017,733.65,760.10,661.33,676.29,44333.85,29982658.25
12/5/2017,764.67,765.62,733.26,733.26,24845.85,18218575.90
12/4/2017,759.86,770.03,728.31,763.79,22609.02,17268574.82
12/3/2017,762.13,800.98,734.32,759.91,36799.43,27964350.87
12/2/2017,780.93,786.65,751.38,762.88,29115.34,22211457.90
12/1/2017,758.96,789.64,733.42,781.51,45679.73,35699202.91
11/30/2017,668.06,809.48,655.70,756.13,113822.83,86065094.55
11/29/2017,606.67,752.59,592.90,664.21,109208.29,72536926.20
11/28/2017,622.22,625.94,600.77,606.60,28888.33,17523713.08
11/27/2017,616.06,633.19,601.60,622.24,28382.59,17660754.57
11/26/2017,638.01,641.04,611.53,617.04,32389.09,19985269.65
11/25/2017,561.90,651.67,561.90,640.38,56495.70,36178973.36
11/24/2017,559.23,567.78,544.28,561.17,27666.18,15525451.81
11/23/2017,573.78,583.15,550.53,565.28,42182.37,23844714.33
11/22/2017,493.03,595.54,492.31,575.10,82443.92,47413362.32
11/21/2017,474.43,517.07,455.89,492.15,76111.90,37458808.52
11/20/2017,440.38,480.58,437.64,480.58,25269.16,12143838.48
11/19/2017,453.37,454.33,430.57,440.48,24359.94,10729969.29
11/18/2017,423.88,475.44,421.28,452.27,48724.57,22036598.12
11/17/2017,417.53,435.97,411.06,423.90,35258.87,14946151.95
11/16/2017,421.58,425.60,411.45,416.94,27849.04,11611400.89
11/15/2017,423.50,442.02,411.92,421.14,29965.02,12619399.60
11/14/2017,423.10,440.39,406.31,422.57,37835.84,15988304.01
11/13/2017,488.44,496.81,398.66,421.40,95326.96,40170534.80
11/12/2017,343.70,493.00,325.64,486.48,164772.41,80158997.01
11/11/2017,328.76,350.11,318.31,343.39,31978.79,10981185.24
11/10/2017,326.22,351.37,307.93,329.43,50327.05,16579056.41
11/9/2017,314.86,337.00,311.66,324.26,41311.08,13395696.12
11/8/2017,290.10,315.88,286.86,315.86,44224.77,13968643.46
11/7/2017,274.85,302.99,274.85,291.00,37290.28,10851293.14
11/6/2017,272.49,280.22,268.85,275.39,19745.92,5437763.00
11/5/2017,273.34,275.66,270.83,272.41,11765.59,3205094.74
11/4/2017,277.84,279.33,270.11,273.54,23863.45,6527560.34
11/3/2017,262.79,277.52,262.04,277.52,24964.37,6927997.61
11/2/2017,270.42,272.66,251.31,262.76,27375.84,7193411.83
11/1/2017,277.66,278.86,270.33,270.33,16879.35,4562965.73
10/31/2017,285.23,286.19,277.76,278.02,14745.42,4099450.88
10/30/2017,283.62,287.53,282.31,285.46,11589.77,3308383.91
10/29/2017,275.35,287.25,275.35,283.55,16490.76,4675976.29
10/28/2017,282.37,288.46,270.96,275.35,25264.59,6956578.59
10/27/2017,286.40,288.16,280.35,281.71,14965.44,4215844.72
10/26/2017,288.31,291.33,282.32,286.64,17832.78,5111537.89
10/25/2017,291.81,298.26,285.35,288.84,16698.80,4823339.17
10/24/2017,279.65,300.97,274.04,292.06,27274.92,7966008.66
10/23/2017,275.79,288.35,263.55,280.59,19203.91,5388350.68
10/22/2017,276.79,283.97,270.03,275.84,24689.03,6810306.18
10/21/2017,287.06,289.05,271.11,278.71,16352.66,4557694.24
10/20/2017,293.87,299.65,286.96,287.10,16955.22,4867796.38
10/19/2017,297.09,299.08,291.52,294.78,10279.54,3030212.29
10/18/2017,299.05,300.12,279.60,297.05,18665.94,5544737.25
10/17/2017,301.99,302.56,297.60,299.01,17940.01,5364298.19
10/16/2017,307.45,310.83,300.49,301.37,19188.95,5782964.80
10/15/2017,316.20,316.32,293.92,307.41,20612.37,6336373.27
10/14/2017,308.10,318.45,304.69,315.23,15632.23,4927794.03
10/13/2017,290.88,308.73,288.23,307.99,26265.55,8089647.93
10/12/2017,297.67,298.24,289.85,291.54,12793.25,3729783.90
10/11/2017,291.08,300.68,285.96,297.71,8035.39,2392224.53
10/10/2017,283.62,295.58,280.00,291.11,9250.96,2693087.96
10/9/2017,301.28,301.33,272.34,283.13,22929.54,6492043.79
10/8/2017,310.88,315.22,301.98,303.12,8732.17,2646863.30
10/7/2017,306.24,314.30,303.17,311.81,5767.67,1798425.55
10/6/2017,305.84,312.34,304.18,305.73,8490.48,2595761.36
10/5/2017,304.11,308.08,294.89,305.75,10150.09,3103347.92
10/4/2017,297.05,318.14,297.05,304.51,19586.90,5964418.23
10/3/2017,310.23,311.66,291.34,296.93,16908.58,5020672.73
10/2/2017,317.35,322.31,308.50,310.19,8334.49,2585301.95
10/1/2017,329.49,330.25,317.01,318.04,9041.27,2875504.42
9/30/2017,330.28,334.54,328.89,330.15,8831.05,2915531.87
9/29/2017,345.28,345.64,322.21,329.34,19384.26,6383984.46
9/28/2017,353.37,353.39,340.04,344.84,13976.11,4819537.49
9/27/2017,344.08,355.75,340.13,352.86,14266.66,5034179.50
9/26/2017,350.05,354.40,341.72,344.91,9739.69,3359324.73
9/25/2017,332.75,352.83,332.75,350.09,18711.76,6550865.62
9/24/2017,353.59,359.92,331.74,331.89,19962.13,6625204.99
9/23/2017,342.94,359.05,339.38,353.52,14478.47,5118378.42
9/22/2017,330.42,356.43,330.07,343.07,20728.87,7111368.57
9/21/2017,343.68,369.17,320.97,329.49,40737.39,13422621.71
9/20/2017,325.63,349.87,318.36,342.90,19094.85,6547648.08
9/19/2017,335.63,336.01,315.40,325.96,9914.09,3231627.28
9/18/2017,312.57,338.83,312.57,334.91,15596.57,5223489.52
9/17/2017,300.39,316.88,279.54,316.77,12039.58,3813792.38
9/16/2017,286.97,303.85,279.01,300.52,27105.57,8145841.64
9/15/2017,240.57,299.78,221.23,285.45,52912.48,15103646.11
9/14/2017,299.56,301.55,240.03,240.03,37742.39,9059266.35
9/13/2017,325.17,325.51,285.32,299.81,24572.07,7366969.23
9/12/2017,318.82,329.87,318.35,326.66,23572.33,7700030.09
9/11/2017,325.14,332.95,316.15,318.56,20273.00,6458140.66
9/10/2017,324.61,328.84,300.04,324.58,26025.87,8447562.26
9/9/2017,331.15,333.02,313.59,324.61,21205.13,6883457.47
9/8/2017,346.96,371.80,315.08,329.43,32748.30,10788353.96
9/7/2017,349.90,349.93,334.33,347.39,15035.39,5223159.66
9/6/2017,326.53,352.68,326.15,350.11,21173.21,7412982.94
9/5/2017,314.20,332.53,283.30,326.63,47854.89,15631073.35
9/4/2017,356.19,357.66,298.73,312.41,35170.78,10987790.81
9/3/2017,347.99,372.93,335.31,356.11,24961.70,8889150.35
9/2/2017,396.41,400.21,328.27,348.93,34570.82,12062635.32
9/1/2017,380.92,395.43,376.60,395.43,19502.70,7712012.33
8/31/2017,370.67,382.89,369.76,382.83,12623.76,4832776.27
8/30/2017,359.70,374.04,358.91,371.05,15734.22,5838135.49
8/29/2017,356.14,368.27,353.49,359.09,18038.06,6477370.92
8/28/2017,363.19,368.78,349.60,356.47,17097.51,6094743.49
8/27/2017,396.75,398.00,356.04,363.96,22166.19,8067630.76
8/26/2017,314.74,408.76,314.74,399.82,48148.90,19250752.31
8/25/2017,312.68,319.19,306.48,315.48,18201.50,5742244.69
8/24/2017,292.78,311.12,290.83,311.12,15462.28,4810647.44
8/23/2017,291.89,297.43,287.50,292.51,15176.05,4439220.84
8/22/2017,281.15,299.82,261.89,292.71,24021.68,7031439.24
8/21/2017,291.37,298.99,276.18,279.73,13804.37,3861469.72
8/20/2017,287.66,317.41,285.01,291.88,25894.99,7558317.76
8/19/2017,223.07,315.85,223.07,290.68,52123.29,15151108.38
8/18/2017,234.70,239.93,217.66,222.54,15454.03,3439209.02
8/17/2017,230.86,261.80,228.69,235.75,38610.17,9102165.04
8/16/2017,202.56,233.77,197.72,230.91,26873.71,6205359.95
8/15/2017,199.00,204.26,191.60,202.04,18869.89,3812561.70
8/14/2017,197.28,202.42,194.43,198.74,14654.16,2912410.38
8/13/2017,204.02,207.17,188.54,197.17,20701.31,4081675.03
8/12/2017,205.62,210.10,201.44,204.01,17299.20,3529275.99
8/11/2017,201.15,208.37,198.55,205.60,16249.52,3340825.04
8/10/2017,199.84,205.29,195.53,201.45,18516.87,3730233.85
8/9/2017,202.92,205.38,193.59,199.30,22082.18,4401019.55
8/8/2017,196.60,204.00,194.59,203.89,22445.84,4576383.14
8/7/2017,188.63,198.39,187.49,196.89,26332.04,5184605.43
8/6/2017,192.13,193.78,188.39,188.93,17325.38,3273221.67
8/5/2017,187.40,196.24,185.51,192.11,24999.93,4802634.54
8/4/2017,187.88,191.40,186.09,186.85,16484.77,3080160.00
8/3/2017,181.99,189.70,178.84,187.41,14164.94,2654693.96
8/2/2017,184.23,190.07,180.22,181.70,12623.02,2293648.58
8/1/2017,175.94,185.83,175.39,184.26,23309.12,4294875.93
7/31/2017,171.43,178.30,170.66,176.63,15467.41,2732072.97
7/30/2017,185.41,187.85,170.38,170.92,14791.06,2528082.44
7/29/2017,184.83,186.63,168.85,186.20,20165.46,3754726.71
7/28/2017,193.63,196.29,180.93,185.25,18164.36,3364861.98
7/27/2017,192.66,198.98,191.19,193.03,16186.39,3124457.06
7/26/2017,193.77,201.37,185.68,191.90,17699.86,3396675.98
7/25/2017,200.83,208.20,187.36,193.76,35776.22,6932102.78
7/24/2017,186.25,210.87,184.39,200.54,63303.29,12694982.88
7/23/2017,184.13,186.96,181.15,186.31,33955.31,6326260.63
7/22/2017,180.59,185.00,180.53,184.07,35809.84,6591408.40
7/21/2017,183.63,186.86,179.12,180.68,39155.33,7074720.42
7/20/2017,152.87,191.66,152.87,181.36,59981.87,10878607.98
7/19/2017,154.76,167.88,152.67,153.34,32219.84,4940535.74
7/18/2017,149.90,162.55,144.28,154.56,34800.63,5378850.39
7/17/2017,131.36,150.48,131.36,149.47,41485.24,6200624.92
7/16/2017,139.67,143.01,119.68,131.37,68013.84,8935199.60
7/15/2017,159.24,160.73,140.24,140.24,44328.43,6216536.26
7/14/2017,167.91,169.94,154.09,159.44,37603.30,5995389.57
7/13/2017,177.45,179.58,165.69,169.10,25274.99,4273948.42
7/12/2017,163.21,178.65,156.63,177.10,31970.17,5662043.64
7/11/2017,171.92,176.04,157.07,163.41,52426.81,8567321.91
7/10/2017,196.72,197.73,168.08,172.46,52261.46,9012853.84
7/9/2017,208.09,208.51,196.63,196.64,58032.62,11411599.55
7/8/2017,190.29,207.91,185.56,207.82,35559.17,7389858.33
7/7/2017,207.14,207.36,186.46,189.61,24942.54,4729447.74
7/6/2017,203.61,220.83,199.89,207.29,82842.46,17172002.34
7/5/2017,178.61,207.47,176.07,203.73,73509.86,14976100.11
7/4/2017,176.03,183.14,175.64,178.52,76055.14,13577704.91
7/3/2017,168.77,178.99,167.12,176.47,47892.52,8451707.72
7/2/2017,161.03,170.35,159.49,168.77,40498.99,6834923.73
7/1/2017,173.69,175.88,160.61,161.03,64471.70,10382065.29
6/30/2017,172.74,178.44,172.07,173.75,56906.89,9887679.19
6/29/2017,180.58,180.82,171.77,172.46,52846.08,9113836.28
6/28/2017,171.18,182.77,168.06,180.07,21428.65,3858624.45
6/27/2017,161.16,170.95,150.19,170.95,43788.42,7485773.64
6/26/2017,168.01,169.23,143.14,161.21,32032.63,5164022.29
6/25/2017,177.67,178.49,162.86,168.01,14495.58,2435362.72
6/24/2017,184.94,185.18,174.51,177.35,11116.04,1971468.90
6/23/2017,180.82,188.64,180.55,184.91,10548.55,1950554.09
6/22/2017,178.85,185.26,177.52,180.70,12995.84,2348331.89
6/21/2017,188.02,193.58,173.76,178.26,24383.14,4346606.52
6/20/2017,193.94,196.35,181.19,188.28,20249.07,3812454.63
6/19/2017,186.20,197.74,185.82,194.02,55316.75,10732375.40
6/18/2017,175.77,190.68,169.96,185.74,65794.56,12220598.88
6/17/2017,160.96,182.23,158.80,175.47,52002.33,9124962.01
6/16/2017,160.76,164.89,155.25,161.13,20693.30,3334282.84
6/15/2017,159.99,162.90,141.42,160.77,64034.97,10294941.69
6/14/2017,180.65,189.90,151.41,159.88,63275.60,10116333.82
6/13/2017,166.77,180.66,166.77,180.47,32457.47,5857724.55
6/12/2017,183.01,192.01,155.32,166.77,69817.17,11643536.30
6/11/2017,147.35,195.56,147.35,182.72,96348.60,17604822.17
6/10/2017,145.15,149.02,144.51,147.25,21208.90,3123113.41
6/9/2017,139.73,145.61,139.73,144.98,15965.98,2314668.82
6/8/2017,137.55,142.91,136.44,139.74,38162.55,5332777.61
6/7/2017,141.48,148.83,134.52,137.74,58131.30,8007232.63
6/6/2017,142.95,143.77,131.10,141.48,83718.91,11844535.53
6/5/2017,141.14,143.61,139.81,142.87,48376.16,6911429.53
6/4/2017,140.40,141.90,138.24,140.93,39693.75,5593976.29
6/3/2017,142.43,144.83,138.68,140.33,50807.33,7129606.32
6/2/2017,132.49,141.91,132.49,141.91,59704.72,8472515.52
6/1/2017,131.90,143.91,128.62,132.41,43253.06,5727172.97
5/31/2017,118.45,138.27,114.93,131.88,65296.03,8611303.03
5/30/2017,113.15,125.51,112.69,118.11,90060.30,10637444.21
5/29/2017,104.94,115.97,102.04,112.82,62085.47,7004211.18
5/28/2017,96.26,114.01,96.26,104.99,79025.20,8296693.61
5/27/2017,108.40,113.26,85.49,95.18,92609.77,8814152.24
5/26/2017,115.49,136.75,107.87,108.43,88842.89,9633616.13
5/25/2017,142.42,142.42,115.89,117.13,97519.53,11422552.37
5/24/2017,132.63,150.18,132.53,143.06,71238.26,10191314.64
5/23/2017,118.36,139.82,115.86,131.70,82365.02,10847449.46
5/22/2017,100.02,144.55,96.63,118.04,207910.50,24542348.98
5/21/2017,97.79,101.75,95.99,100.11,76960.24,7704283.64
5/20/2017,96.67,104.21,96.42,98.33,73292.83,7206724.88
5/19/2017,87.05,99.37,85.93,96.89,99464.13,9636623.17
5/18/2017,81.63,87.49,81.22,87.05,73867.14,6430252.53
5/17/2017,83.44,83.44,77.26,81.63,81669.70,6666354.86
5/16/2017,90.38,90.42,82.56,83.45,63461.75,5296093.30
5/15/2017,88.45,90.66,84.64,89.91,22813.37,2051159.14
5/14/2017,87.48,89.57,87.06,88.45,6005.20,531139.93
5/13/2017,84.53,88.04,81.96,87.13,49913.58,4348848.18
5/12/2017,88.01,90.48,83.14,85.43,56868.88,4858203.11
5/11/2017,88.13,90.30,87.45,87.97,74760.22,6576719.46
5/10/2017,88.41,93.21,87.08,88.13,60926.05,5369664.19
5/9/2017,97.01,98.62,80.65,88.85,83007.65,7375340.14
5/8/2017,101.08,101.85,93.75,96.96,65181.98,6319768.95
5/7/2017,94.65,106.68,92.91,100.21,91404.38,9159553.27
5/6/2017,94.08,96.95,91.97,94.30,60662.88,5720307.90
5/5/2017,88.56,100.15,88.56,94.09,80237.17,7549313.14
5/4/2017,86.77,94.34,85.07,88.56,107403.86,9511486.12
5/3/2017,85.56,88.48,83.87,86.81,79144.80,6870704.97
5/2/2017,88.07,89.87,82.68,85.55,70465.24,6028555.22
5/1/2017,92.99,98.21,84.98,88.05,65306.73,5750398.72
4/30/2017,97.81,100.28,91.84,93.33,26095.99,2435598.46
4/29/2017,80.65,102.95,80.65,98.71,87502.47,8637692.32
4/28/2017,80.19,81.99,78.58,81.30,24005.27,1951741.41
4/27/2017,72.80,82.53,71.84,80.58,40795.12,3287294.23
4/26/2017,74.29,74.35,71.21,72.79,13822.93,1006193.79
4/25/2017,72.35,75.32,72.33,74.39,10338.40,769078.53
4/24/2017,70.30,72.43,69.34,72.30,22399.71,1619461.68
4/23/2017,70.94,71.98,70.22,70.30,61161.02,4299587.77
4/22/2017,71.75,72.36,70.60,70.94,54918.78,3895979.63
4/21/2017,71.60,73.34,70.73,71.76,69519.31,4988987.62
4/20/2017,72.63,72.73,70.73,71.60,60138.54,4305769.88
4/19/2017,72.75,75.45,72.39,72.63,74928.46,5441700.42
4/18/2017,76.03,76.39,71.25,72.75,68260.80,4966131.29
4/17/2017,75.69,76.75,74.10,75.65,57786.74,4371410.01
4/16/2017,75.15,77.11,74.32,75.69,71249.66,5392849.43
4/15/2017,71.88,77.64,69.64,75.05,71350.04,5354697.29
4/14/2017,73.02,73.99,69.19,71.88,67396.83,4844505.70
4/13/2017,67.94,77.05,66.18,72.91,87495.07,6379068.01
4/12/2017,60.92,68.74,59.41,67.94,98412.25,6686452.94
4/11/2017,61.16,62.78,59.88,60.88,82210.38,5005326.15
4/10/2017,65.05,65.93,59.95,61.05,68568.09,4186402.09
4/9/2017,67.35,68.52,64.49,65.05,69584.91,4526166.43
4/8/2017,66.17,69.36,65.73,67.40,72018.90,4854210.96
4/7/2017,66.10,70.10,65.02,66.11,87025.64,5753607.34
4/6/2017,73.75,73.77,64.23,66.09,69004.97,4560602.61
4/5/2017,69.05,77.34,65.41,73.47,111937.13,8224177.96
4/4/2017,62.89,71.99,57.80,68.75,120283.40,8269388.34
4/3/2017,56.45,65.52,47.28,59.57,184367.33,10983413.14
4/2/2017,67.35,69.91,53.62,56.46,133625.30,7544717.75
4/1/2017,72.76,72.76,66.39,67.40,74367.28,5012176.00
3/31/2017,78.11,78.16,64.11,72.88,132512.23,9657791.50
3/30/2017,84.81,84.91,75.58,78.04,102365.95,7988812.85
3/29/2017,87.61,87.68,82.97,84.78,82373.42,6983286.10
3/28/2017,84.75,89.89,81.40,87.61,105640.11,9255257.06
3/27/2017,94.27,94.27,77.73,83.83,123413.57,10345561.14
3/26/2017,95.17,96.25,91.77,94.19,75630.96,7123694.82
3/25/2017,100.59,101.33,92.02,94.72,75585.55,7159217.90
3/24/2017,103.58,107.87,97.75,99.22,105757.99,10493773.87
3/23/2017,103.31,104.25,100.90,103.64,72251.40,7488335.68
3/22/2017,97.21,109.04,92.37,103.45,114849.58,11881359.68
3/21/2017,101.50,104.89,91.18,97.11,124923.65,12131116.34
3/20/2017,107.51,110.16,100.91,101.57,80455.03,8172149.83
3/19/2017,109.21,113.09,98.78,107.62,126094.03,13569830.96
3/18/2017,97.73,119.90,94.99,108.94,149766.30,16315243.99
3/17/2017,89.75,98.67,82.16,97.43,119190.44,11612665.97
3/16/2017,96.29,98.04,79.84,89.96,138659.27,12473415.70
3/15/2017,87.87,100.56,85.36,96.42,158742.93,15306674.74
3/14/2017,74.38,89.57,73.08,87.44,112653.14,9850156.31
3/13/2017,76.13,80.29,71.49,74.71,114823.41,8578406.10
3/12/2017,72.49,78.80,66.53,75.97,146026.13,11093815.55
3/11/2017,49.83,73.25,49.35,72.49,178447.10,12936330.76
3/10/2017,50.65,54.41,45.43,49.92,93647.84,4674801.64
3/9/2017,41.28,52.53,40.60,50.69,97536.40,4944420.23
3/8/2017,45.57,45.61,41.28,41.28,51471.50,2124976.51
3/7/2017,45.58,46.38,43.40,45.57,69638.55,3173264.19
3/6/2017,41.99,46.65,41.92,45.58,67083.73,3057614.96
3/5/2017,43.05,45.00,39.24,42.02,59010.34,2479423.15
3/4/2017,47.18,47.95,43.17,43.52,21219.23,923416.06
3/3/2017,42.12,50.76,38.19,47.15,74010.90,3489297.17
3/2/2017,41.59,58.72,35.39,40.69,191445.34,7789289.85
3/1/2017,32.49,46.56,32.10,41.74,115081.49,4803107.19
2/28/2017,27.76,33.35,27.76,32.45,92170.33,2991065.11
2/27/2017,27.81,28.45,27.51,27.74,45849.79,1271675.12
2/26/2017,26.29,27.85,25.43,27.83,59738.23,1662333.18
2/25/2017,25.32,27.23,23.26,26.29,68010.59,1787892.52
2/24/2017,24.35,29.32,23.31,25.30,79710.65,2017004.13
2/23/2017,21.59,24.34,21.59,24.34,69142.67,1682590.98
2/22/2017,20.86,21.60,20.45,21.59,51226.94,1106033.95
2/21/2017,21.70,21.70,20.09,21.39,57411.02,1228284.77
2/20/2017,22.55,22.71,20.59,21.72,63847.51,1386732.43
2/19/2017,21.04,23.40,21.02,22.61,64189.34,1451169.05
2/18/2017,19.71,21.23,19.70,21.03,49383.63,1038546.57
2/17/2017,19.45,19.77,18.95,19.71,33735.16,664954.18
2/16/2017,19.38,19.64,19.01,19.45,56526.17,1099224.00
2/15/2017,17.89,19.46,17.67,19.38,38249.12,741289.62
2/14/2017,16.70,18.12,16.70,17.89,32687.64,584820.21
2/13/2017,16.78,16.79,16.53,16.70,63095.48,1053859.78
2/12/2017,16.89,16.96,16.70,16.78,63157.63,1060033.26
2/11/2017,16.84,16.89,16.66,16.89,60923.58,1029016.19
2/10/2017,16.05,16.84,15.75,16.84,55566.89,935921.62
2/9/2017,16.86,16.89,15.42,16.05,61996.78,994779.04
2/8/2017,16.77,16.86,16.50,16.86,55490.86,935648.45
2/7/2017,16.56,17.02,16.55,16.77,61829.35,1036937.69
2/6/2017,16.74,16.76,16.25,16.56,80041.32,1325214.28
2/5/2017,17.20,17.30,16.60,16.77,1153.73,19348.14
2/4/2017,17.08,17.79,16.59,17.20,784.40,13488.49
2/3/2017,16.08,17.20,15.99,17.04,863.38,14715.25
2/2/2017,16.17,16.28,15.24,16.08,1571.67,25272.02
2/1/2017,15.69,16.17,15.41,16.17,1834.91,29672.83
1/31/2017,15.82,15.98,15.58,15.69,2466.61,38703.34
1/30/2017,15.14,15.87,15.14,15.83,1959.73,31016.26
1/29/2017,15.01,15.38,14.76,15.14,1897.68,28725.56
1/28/2017,15.08,15.30,14.78,15.14,2321.41,35145.96
1/27/2017,14.85,15.26,14.82,15.08,1614.33,24348.78
1/26/2017,14.37,14.85,14.30,14.85,998.74,14830.58
1/25/2017,14.15,14.39,13.89,14.37,974.51,14006.64
1/24/2017,14.81,14.81,14.01,14.16,1016.16,14384.82
1/23/2017,15.09,15.19,14.87,15.02,1819.49,27323.35
1/22/2017,14.81,15.35,14.74,15.09,2097.43,31658.91
1/21/2017,15.09,15.29,14.70,14.70,2199.42,32341.14
1/20/2017,15.04,15.39,14.68,15.09,1966.00,29675.37
1/19/2017,13.77,15.26,13.77,15.04,2143.04,32230.79
1/18/2017,14.15,14.25,13.53,13.77,2116.08,29146.89
1/17/2017,12.75,14.21,12.75,14.15,2113.48,29913.21
1/16/2017,12.19,12.93,12.07,12.75,2046.50,26091.07
1/15/2017,12.04,12.41,12.04,12.19,1787.46,21790.66
1/14/2017,12.28,12.38,12.04,12.04,2183.96,26289.12
1/13/2017,11.94,12.40,11.48,12.28,1919.75,23570.98
1/12/2017,11.30,12.27,10.41,11.96,2631.53,31475.65
1/11/2017,12.35,12.60,10.91,11.30,1918.45,21682.92
1/10/2017,12.37,12.66,12.16,12.35,1630.82,20144.74
1/9/2017,12.80,12.93,12.14,12.30,1803.69,22182.08
1/8/2017,12.09,12.80,12.09,12.80,990.31,12675.95
1/7/2017,11.77,13.42,11.17,12.09,1690.65,20435.80
1/6/2017,13.96,14.80,11.65,11.77,2264.25,26651.76
1/5/2017,15.78,15.87,12.97,14.10,2053.93,28950.94
1/4/2017,12.46,16.17,12.39,15.75,2794.31,44021.48
1/3/2017,11.65,12.66,11.52,12.46,2095.06,26106.12
1/2/2017,11.21,11.79,11.08,11.65,2244.24,26134.91
1/1/2017,11.06,11.31,10.94,11.21,1855.05,20795.20
12/31/2016,10.94,11.18,10.81,11.06,1769.21,19563.38
12/30/2016,10.73,11.44,10.55,10.94,2260.40,24738.31
12/29/2016,10.02,10.99,9.98,10.73,1764.12,18924.91
12/28/2016,9.76,10.16,9.66,10.02,1814.72,18191.08
12/27/2016,9.77,9.90,9.51,9.76,1822.61,17785.54
12/26/2016,9.98,10.18,9.75,9.77,1572.49,15365.16
12/25/2016,9.74,10.03,9.68,9.98,2355.34,23511.01
12/24/2016,9.29,9.97,9.29,9.78,2271.02,22200.25
12/23/2016,9.71,9.75,9.18,9.30,2272.98,21138.91
12/22/2016,9.78,9.80,9.27,9.69,1724.81,16706.81
12/21/2016,10.29,10.29,9.69,9.78,2504.67,24507.08
12/20/2016,10.23,10.58,10.23,10.29,1697.55,17467.22
12/19/2016,9.77,10.64,9.75,10.23,2084.89,21324.82
12/18/2016,9.67,9.83,9.54,9.77,1761.02,17198.21
12/17/2016,9.73,9.79,9.45,9.67,1763.76,17052.98
12/16/2016,9.34,9.81,9.32,9.74,2243.21,21843.72
12/15/2016,9.24,9.46,9.13,9.34,2243.68,20956.82
12/14/2016,9.32,9.40,9.06,9.13,1879.18,17162.35
12/13/2016,9.10,9.44,9.05,9.32,2274.93,21203.26
12/12/2016,9.44,9.57,9.06,9.10,1482.92,13499.27
12/11/2016,8.77,9.57,8.73,9.45,2253.00,21281.96
12/10/2016,8.71,8.80,8.65,8.75,2051.42,17956.15
12/9/2016,8.69,8.73,8.62,8.71,2466.89,21484.51
12/8/2016,8.71,8.82,8.56,8.69,2177.41,18916.18
12/7/2016,8.72,8.90,8.53,8.71,1748.34,15219.31
12/6/2016,8.70,8.81,8.54,8.72,2041.70,17803.50
12/5/2016,8.89,8.89,8.43,8.70,2215.09,19276.11
12/4/2016,8.88,8.97,8.73,8.92,2147.16,19149.49
12/3/2016,8.62,9.02,8.62,8.88,2194.75,19484.77
12/2/2016,8.77,8.82,8.58,8.62,2117.02,18245.52
12/1/2016,8.95,8.97,8.64,8.72,2344.74,20445.30
11/30/2016,8.92,9.04,8.78,8.95,2124.23,19002.17
11/29/2016,9.15,9.15,8.79,8.92,2339.86,20867.25
11/28/2016,9.10,9.28,8.99,9.15,2414.24,22090.32
11/27/2016,9.03,9.19,8.76,9.10,1865.53,16984.02
11/26/2016,8.95,9.10,8.89,9.03,1957.57,17669.83
11/25/2016,9.13,9.20,8.93,8.94,2148.51,19217.96
11/24/2016,8.59,9.22,8.42,9.13,2260.82,20637.97
11/23/2016,8.79,8.82,8.47,8.60,1896.37,16309.61
11/22/2016,8.62,8.91,8.54,8.79,1579.78,13881.18
11/21/2016,8.59,8.69,8.38,8.62,1805.03,15563.29
11/20/2016,8.51,8.66,8.38,8.59,1701.27,14614.18
11/19/2016,8.86,8.94,8.39,8.51,1744.11,14841.90
11/18/2016,9.04,9.16,8.80,8.86,2184.86,19352.18
11/17/2016,9.25,9.30,8.97,9.04,1746.54,15784.27
11/16/2016,9.59,9.61,8.94,9.25,1712.65,15837.83
11/15/2016,9.63,9.73,9.54,9.59,1768.09,16956.80
11/14/2016,9.64,9.71,9.40,9.63,2561.89,24678.27
11/13/2016,9.73,9.78,9.48,9.64,2426.87,23400.88
11/12/2016,9.63,9.81,9.53,9.73,1932.65,18800.94
11/11/2016,9.82,9.84,9.44,9.63,1845.19,17777.46
11/10/2016,9.67,9.92,9.56,9.82,2181.39,21413.65
11/9/2016,9.81,9.84,9.41,9.67,2490.79,24076.42
11/8/2016,9.84,10.30,9.69,9.81,2221.64,21785.74
11/7/2016,9.21,9.84,9.18,9.84,1958.10,19268.04
11/6/2016,9.09,9.41,9.02,9.21,1795.54,16544.82
11/5/2016,9.05,9.28,8.94,9.09,1971.30,17920.86
11/4/2016,9.08,9.20,8.87,9.05,2509.49,22715.29
11/3/2016,8.96,9.33,8.85,9.08,2640.56,23984.49
11/2/2016,9.03,9.28,8.67,8.96,2141.00,19190.81
11/1/2016,9.22,9.31,8.54,9.03,2293.61,20702.72
10/31/2016,9.73,9.78,8.89,9.22,2240.05,20643.69
10/30/2016,8.49,9.73,8.49,9.73,1325.98,12908.22
10/29/2016,9.16,9.22,7.98,8.49,1930.31,16380.76
10/28/2016,9.66,9.66,9.13,9.16,1784.77,16350.67
10/27/2016,9.27,9.80,9.08,9.66,1913.85,18479.85
10/26/2016,9.35,9.59,8.95,9.27,2236.88,20743.18
10/25/2016,10.05,10.12,9.05,9.22,2484.93,22912.81
10/24/2016,9.96,10.20,9.84,10.05,2461.07,24725.94
10/23/2016,10.31,10.42,9.91,9.96,2123.37,21143.78
10/22/2016,10.62,10.75,10.26,10.31,1667.88,17203.64
10/21/2016,10.52,10.77,10.51,10.62,2093.56,22231.29
10/20/2016,10.44,10.72,10.37,10.53,1969.91,20745.58
10/19/2016,10.31,10.59,10.22,10.44,1982.24,20699.17
10/18/2016,10.75,10.81,10.10,10.31,1904.05,19633.32
10/17/2016,11.03,11.03,10.65,10.75,2086.33,22417.61
10/16/2016,11.28,11.30,11.03,11.03,1905.76,21020.48
10/15/2016,11.34,11.55,11.24,11.26,2214.62,24940.14
10/14/2016,11.27,11.70,11.26,11.34,2173.18,24648.53
10/13/2016,11.44,11.63,11.06,11.27,2401.35,27066.84
10/12/2016,11.72,11.84,11.33,11.44,1771.76,20277.52
10/11/2016,11.67,11.78,11.53,11.68,1776.27,20751.93
10/10/2016,11.65,11.77,11.63,11.67,1758.03,20524.81
10/9/2016,11.77,11.86,11.65,11.65,1579.25,18394.47
10/8/2016,11.90,12.00,11.72,11.77,2358.14,27755.08
10/7/2016,11.94,12.03,11.80,11.90,2276.71,27082.48
10/6/2016,11.85,12.25,11.82,11.94,1820.48,21744.35
10/5/2016,11.90,11.96,11.75,11.84,1890.21,22388.28
10/4/2016,11.86,12.02,11.70,11.90,1644.51,19577.33
10/3/2016,11.69,12.08,11.65,11.86,2145.48,25440.16
10/2/2016,11.75,11.85,11.60,11.69,2654.68,31035.83
10/1/2016,11.87,12.01,11.65,11.76,2170.98,25538.94
9/30/2016,11.87,12.02,11.66,11.87,1838.88,21820.34
9/29/2016,11.70,12.03,11.62,11.87,1862.91,22108.53
9/28/2016,11.57,11.72,11.51,11.71,2201.74,25785.50
9/27/2016,11.57,11.69,11.52,11.57,1717.80,19871.41
9/26/2016,11.62,11.71,11.49,11.57,1848.14,21376.07
9/25/2016,11.66,11.72,11.56,11.62,1982.11,23037.14
9/24/2016,11.66,11.73,11.54,11.66,2142.63,24984.83
9/23/2016,11.64,11.74,11.61,11.66,1783.52,20804.41
9/22/2016,11.67,11.76,11.57,11.64,2021.45,23531.38
9/21/2016,11.60,11.81,11.51,11.71,2086.75,24431.10
9/20/2016,11.71,11.75,11.45,11.60,1989.30,23084.29
9/19/2016,11.78,11.90,11.58,11.71,1866.62,21852.95
9/18/2016,11.69,11.92,11.60,11.78,1919.22,22601.92
9/17/2016,12.03,12.18,11.50,11.69,2110.99,24668.15
9/16/2016,12.35,12.40,11.97,12.03,1871.64,22512.62
9/15/2016,12.56,12.60,12.24,12.35,2100.50,25943.29
9/14/2016,12.62,12.73,12.38,12.56,1869.50,23487.22
9/13/2016,12.16,12.61,12.07,12.61,2039.38,25724.65
9/12/2016,11.20,12.62,11.08,12.23,2165.80,26496.26
9/11/2016,11.10,11.36,11.04,11.20,1827.07,20457.96
9/10/2016,11.16,11.28,10.80,11.10,1943.33,21575.35
9/9/2016,11.58,11.58,11.14,11.14,2159.04,24053.94
9/8/2016,10.98,11.80,10.92,11.58,1929.24,22335.41
9/7/2016,10.75,11.22,10.62,10.98,2233.80,24522.61
9/6/2016,11.12,11.21,10.69,10.75,2126.19,22854.47
9/5/2016,11.06,11.33,11.02,11.12,1982.16,22036.58
9/4/2016,11.21,11.21,10.47,11.06,2532.02,28012.77
9/3/2016,11.26,11.42,10.83,11.21,2146.75,24063.69
9/2/2016,11.37,11.56,11.24,11.26,2266.33,25523.58
9/1/2016,11.64,11.85,11.31,11.37,1863.30,21184.26
8/31/2016,11.77,12.10,11.11,11.64,1955.52,22768.75
8/30/2016,11.74,11.85,11.32,11.77,1554.35,18293.55
8/29/2016,12.35,12.54,10.96,11.74,1901.58,22318.44
8/28/2016,12.56,12.79,12.24,12.35,1697.79,20971.15
8/27/2016,12.58,12.73,12.36,12.56,1811.14,22743.93
8/26/2016,12.59,12.72,12.17,12.56,1823.56,22904.27
8/25/2016,13.32,13.37,12.44,12.59,2157.26,27170.57
8/24/2016,13.18,13.37,12.88,13.32,1869.85,24910.21
8/23/2016,13.72,13.85,12.82,13.18,2026.28,26710.34
8/22/2016,13.00,13.90,12.89,13.72,1899.46,26065.88
8/21/2016,12.96,13.44,12.88,13.00,2001.75,26021.74
8/20/2016,13.61,13.98,12.79,12.96,1950.24,25281.50
8/19/2016,13.80,14.87,13.11,13.61,2339.46,31847.21
8/18/2016,12.38,13.91,12.32,13.80,2049.31,28289.61
8/17/2016,12.88,12.97,12.21,12.38,1872.10,23185.68
8/16/2016,13.42,13.42,11.70,12.88,2163.71,27865.05
8/15/2016,14.05,15.07,12.68,13.42,2022.01,27143.81
8/14/2016,12.87,15.09,12.80,14.05,1799.84,25293.68
8/13/2016,12.91,13.54,12.11,12.87,2197.17,28269.53
8/12/2016,11.01,12.91,10.76,12.91,2408.02,31085.97
8/11/2016,10.32,11.05,10.22,11.01,2079.62,22901.18
8/10/2016,10.13,10.37,10.08,10.32,2778.77,28676.40
8/9/2016,10.32,10.45,10.08,10.13,2574.70,26074.20
8/8/2016,10.29,10.39,9.94,10.32,1869.42,19291.56
8/7/2016,10.32,10.39,10.16,10.29,2300.44,23662.88
8/6/2016,9.68,10.34,9.58,10.32,2007.24,20705.64
8/5/2016,9.52,9.73,9.45,9.68,2016.20,19518.75
8/4/2016,9.56,9.79,9.19,9.52,2275.76,21675.30
8/3/2016,9.43,9.78,9.01,9.56,1640.95,15693.75
8/2/2016,9.94,10.32,9.23,9.43,2659.79,25078.85
8/1/2016,9.57,10.84,9.57,9.94,1169.83,11625.22
7/31/2016,9.34,9.59,9.32,9.57,1558.91,14923.58
7/30/2016,9.47,9.56,9.21,9.34,1864.87,17420.56
7/29/2016,9.27,9.60,9.27,9.47,1862.24,17632.50
7/28/2016,9.25,9.40,9.13,9.27,1054.20,9775.07
7/27/2016,8.80,9.26,8.80,9.25,1541.74,14263.08
7/26/2016,9.10,9.10,9.10,9.10,3011.51,27395.69
7/25/2016,9.23,9.29,8.89,9.10,2977.64,27101.46
7/24/2016,9.26,9.26,9.26,9.26,2089.36,19357.45
7/23/2016,9.36,9.49,9.18,9.27,2105.24,19505.58
7/22/2016,8.88,8.88,8.88,8.88,3308.08,29365.30
7/21/2016,8.46,8.89,8.36,8.88,3379.29,30004.56
7/20/2016,8.41,8.41,8.41,8.41,2522.11,21223.49
7/19/2016,8.10,8.45,8.09,8.42,2504.97,21100.90
7/18/2016,8.10,8.10,8.10,8.10,2511.71,20351.82
7/17/2016,8.30,8.33,8.07,8.10,2511.71,20351.82
7/16/2016,8.06,8.06,8.06,8.06,3022.94,24362.25
7/15/2016,7.87,8.33,7.79,8.06,3022.94,24362.25
7/14/2016,7.88,7.88,7.88,7.88,2926.38,23056.04
7/13/2016,7.84,8.01,7.74,7.88,2926.38,23056.04
7/12/2016,7.99,7.99,7.99,7.99,2409.54,19259.88
7/11/2016,7.42,7.99,7.40,7.99,2409.54,19259.88
7/10/2016,7.36,7.56,7.27,7.42,2358.95,17497.54
7/9/2016,7.25,7.40,7.00,7.34,2385.65,17506.66
7/8/2016,7.16,7.26,6.81,7.25,2976.55,21567.80
7/7/2016,6.95,7.16,6.77,7.16,1215.94,8709.23
7/6/2016,6.86,7.08,6.86,6.95,2843.71,19757.82
7/5/2016,6.96,7.02,6.78,6.86,2305.17,15814.49
7/4/2016,7.09,7.19,6.83,6.96,2500.34,17397.27
7/3/2016,7.07,7.24,6.99,7.09,2687.98,19058.38
7/2/2016,7.22,7.33,7.04,7.07,2635.39,18634.50
7/1/2016,6.97,7.32,6.96,7.22,2912.29,21018.42
6/30/2016,6.96,7.04,6.90,6.97,2951.08,20574.76
6/29/2016,6.96,7.12,6.84,6.96,2682.32,18670.91
6/28/2016,7.01,7.16,6.84,6.96,2299.37,16014.10
6/27/2016,6.82,7.08,6.68,7.01,2662.97,18678.42
6/26/2016,6.79,7.17,6.74,6.82,2705.33,18441.54
6/25/2016,7.03,7.16,6.55,6.75,2060.73,13904.58
6/24/2016,7.23,7.47,6.77,7.03,2538.16,17845.02
6/23/2016,7.57,7.78,7.11,7.23,2652.98,19180.55
6/22/2016,7.81,8.20,7.50,7.57,2153.60,16298.91
6/21/2016,8.16,8.33,7.69,7.81,1638.85,12799.69
6/20/2016,7.82,8.16,7.80,8.16,6407.12,52263.94
6/19/2016,8.16,8.42,7.81,7.82,11755.65,91937.73
6/18/2016,8.20,8.53,7.99,8.16,2587.66,21107.18
6/17/2016,8.41,8.61,8.01,8.20,2259.69,18518.27
6/16/2016,8.04,8.50,7.95,8.41,2411.25,20271.20
6/15/2016,8.04,8.35,7.91,8.04,2443.08,19640.46
6/14/2016,7.44,8.69,7.44,8.04,2845.09,22865.62
6/13/2016,7.43,7.80,7.19,7.44,2033.49,15137.44
6/12/2016,7.66,7.82,7.33,7.43,3873.74,28792.56
6/11/2016,7.68,7.98,7.64,7.65,1856.95,14208.89
6/10/2016,7.79,8.09,7.75,7.75,8949.02,69350.89
6/9/2016,7.84,7.89,7.68,7.79,1823.65,14210.92
6/8/2016,7.81,7.98,7.66,7.84,2061.58,16167.01
6/7/2016,7.71,7.95,7.66,7.81,2237.94,17485.69
6/6/2016,7.57,7.83,7.53,7.71,2174.98,16779.80
6/5/2016,8.04,8.10,7.56,7.57,2580.05,19536.73
6/4/2016,8.02,8.15,7.69,8.04,2348.70,18893.00
6/3/2016,8.11,8.30,7.76,8.02,2139.53,17163.26
6/2/2016,8.11,8.12,7.87,8.11,2273.96,18448.58
6/1/2016,8.28,8.37,7.97,8.11,2631.49,21345.19
5/31/2016,8.15,8.39,7.95,8.28,1864.38,15428.51
5/30/2016,7.99,8.52,7.94,8.15,2701.21,22004.58
5/29/2016,7.70,8.40,7.70,7.99,2422.92,19356.69
5/28/2016,7.41,7.81,7.23,7.70,1444.76,11127.33
5/27/2016,7.41,7.55,7.07,7.40,2100.63,15554.68
5/26/2016,7.73,7.74,7.25,7.40,2004.59,14838.53
5/25/2016,7.76,7.80,7.51,7.71,2143.47,16535.45
5/24/2016,8.05,8.22,7.73,7.76,2499.58,19391.19
5/23/2016,8.13,8.25,8.00,8.10,940.68,7619.98
5/22/2016,8.32,8.39,8.08,8.13,1334.71,10846.27
5/21/2016,7.97,8.38,7.74,8.32,1595.16,13268.19
5/20/2016,7.75,8.59,7.73,7.97,2118.18,16880.68
5/19/2016,7.34,7.90,7.28,7.75,1995.25,15465.64
5/18/2016,7.44,7.44,7.18,7.34,2362.40,17332.61
5/17/2016,7.32,7.47,7.22,7.45,1788.18,13323.73
5/16/2016,6.96,7.67,6.96,7.33,1980.56,14516.21
5/15/2016,6.88,7.09,6.86,6.96,2526.54,17576.43
5/14/2016,6.85,6.89,6.74,6.88,2076.83,14284.74
5/13/2016,6.72,6.90,6.68,6.85,1649.52,11296.60
5/12/2016,6.62,6.79,6.60,6.72,1652.53,11104.36
5/11/2016,6.70,6.76,6.60,6.62,1053.60,6971.15
5/10/2016,6.63,6.70,6.53,6.70,1973.40,13223.75
5/9/2016,6.67,6.76,6.53,6.63,1722.15,11424.44
5/8/2016,6.56,6.78,6.47,6.67,2177.52,14517.96
5/7/2016,6.65,6.80,6.42,6.56,2482.59,16286.35
5/6/2016,6.81,6.85,6.59,6.65,2610.74,17354.00
5/5/2016,6.88,7.00,6.70,6.81,2315.49,15756.92
5/4/2016,6.77,6.89,6.72,6.88,1913.66,13164.10
5/3/2016,6.76,6.86,6.74,6.77,1787.79,12099.26
5/2/2016,6.71,6.86,6.63,6.79,1691.28,11477.00
5/1/2016,6.75,6.84,6.59,6.71,1694.56,11363.53
4/30/2016,6.55,6.75,6.49,6.75,2101.35,14187.34
4/29/2016,6.38,6.65,6.33,6.55,2052.90,13447.92
4/28/2016,6.45,6.56,6.29,6.38,1862.33,11886.04
4/27/2016,5.90,6.55,5.85,6.45,1863.32,12010.23
4/26/2016,6.15,6.22,5.75,5.90,1564.72,9237.84
4/25/2016,6.33,6.48,6.11,6.15,2109.46,12977.25
4/24/2016,6.37,6.45,6.19,6.33,1068.58,6762.29
4/23/2016,6.19,6.43,6.13,6.37,2252.77,14341.90
4/22/2016,6.22,6.41,6.08,6.19,1894.07,11723.92
4/21/2016,6.25,6.40,6.19,6.22,2064.46,12832.85
4/20/2016,6.40,6.47,6.23,6.25,1845.18,11527.56
4/19/2016,6.26,6.41,6.24,6.40,1939.26,12419.55
4/18/2016,6.50,6.50,6.15,6.26,3544.35,22180.47
4/17/2016,6.23,6.51,6.20,6.50,1831.70,11902.10
4/16/2016,5.96,6.46,5.93,6.23,2842.73,17719.65
4/15/2016,6.38,6.40,5.92,5.96,2339.87,13947.69
4/14/2016,6.55,6.61,6.32,6.38,2543.64,16216.03
4/13/2016,6.45,6.62,6.38,6.55,3159.04,20685.46
4/12/2016,6.47,6.53,6.29,6.45,1550.45,10004.47
4/11/2016,6.60,6.61,6.36,6.47,1558.31,10076.33
4/10/2016,6.66,6.83,6.19,6.60,2330.25,15379.52
4/9/2016,7.00,7.01,6.42,6.66,2086.35,13885.71
4/8/2016,6.94,7.00,6.82,7.00,1675.72,11728.50
4/7/2016,7.02,7.07,6.87,6.95,1672.28,11629.04
4/6/2016,7.19,7.28,6.93,7.02,1981.67,13918.25
4/5/2016,6.98,7.30,6.98,7.19,1793.08,12894.01
4/4/2016,6.88,7.04,6.81,6.98,1172.67,8183.00
4/3/2016,7.13,7.13,6.65,6.88,1314.89,9044.01
4/2/2016,6.99,7.15,6.99,7.13,1426.57,10168.74
4/1/2016,6.84,7.08,6.71,6.99,2024.52,14156.72
3/31/2016,6.81,6.95,6.76,6.84,1352.74,9257.08
3/30/2016,6.98,7.04,6.76,6.81,1425.99,9706.76
3/29/2016,6.99,7.14,6.81,6.96,2455.19,17082.31
3/28/2016,6.95,7.08,6.50,6.99,2076.11,14518.01
3/27/2016,7.16,7.16,6.67,6.95,2474.14,17196.95
3/26/2016,7.37,7.45,6.89,7.16,2629.22,18823.47
3/25/2016,6.73,7.72,6.66,7.37,4196.64,30924.55
3/24/2016,6.63,6.76,6.36,6.73,2489.47,16750.85
3/23/2016,6.06,6.70,6.00,6.63,3018.41,20017.67
3/22/2016,6.45,6.53,5.98,6.06,2359.37,14294.54
3/21/2016,5.94,6.50,5.90,6.38,2563.97,16362.25
3/20/2016,5.99,6.06,5.78,5.94,867.36,5155.94
3/19/2016,5.93,6.04,5.93,5.99,1859.76,11148.61
3/18/2016,5.90,6.24,5.74,5.93,2439.81,14465.08
3/17/2016,6.49,6.58,5.76,5.90,2125.00,12544.97
3/16/2016,5.66,6.65,5.66,6.49,1956.09,12690.74
3/15/2016,5.68,5.75,5.24,5.66,2022.96,11452.25
3/14/2016,5.82,5.95,5.50,5.68,1060.67,6021.48
3/13/2016,5.56,6.49,5.29,5.82,1974.09,11480.50
3/12/2016,5.39,5.87,5.13,5.56,1335.57,7420.60
3/11/2016,5.00,5.43,4.92,5.39,2901.89,15650.99
3/10/2016,4.61,5.37,4.57,5.00,1803.96,9026.23
3/9/2016,4.37,4.79,4.37,4.61,2719.83,12537.48
3/8/2016,4.40,4.70,4.19,4.37,2161.97,9458.42
3/7/2016,4.67,4.72,4.35,4.40,3092.75,13620.91
3/6/2016,5.05,5.12,4.54,4.67,2083.46,9726.48
3/5/2016,4.54,5.45,4.52,5.05,2111.88,10675.19
3/4/2016,4.77,5.10,4.28,4.54,1781.31,8078.71
3/3/2016,3.91,4.77,3.83,4.77,2162.00,10306.75
3/2/2016,3.89,3.95,3.86,3.91,2337.02,9128.81
3/1/2016,3.94,4.00,3.80,3.89,2704.67,10515.49
2/29/2016,4.01,4.02,3.90,3.94,989.95,3898.31
2/28/2016,4.04,4.10,3.97,4.01,2661.88,10670.34
2/27/2016,3.90,4.04,3.90,4.04,1895.91,7657.19
2/26/2016,3.92,3.94,3.89,3.90,776.86,3029.74
2/25/2016,4.04,4.04,3.85,3.92,850.30,3335.02
2/24/2016,3.88,4.08,3.76,4.04,1182.11,4770.16
2/23/2016,3.70,3.92,3.69,3.88,1651.60,6408.08
2/22/2016,3.52,3.82,3.52,3.70,915.32,3384.77
2/21/2016,3.61,3.90,3.52,3.52,1483.79,5222.95
2/20/2016,3.49,3.70,3.43,3.61,1498.77,5408.42
2/19/2016,3.51,3.73,3.45,3.49,1000.42,3493.54
2/18/2016,3.78,3.86,3.32,3.51,1449.30,5094.16
2/17/2016,3.60,3.92,3.59,3.78,1055.87,3992.42
2/16/2016,3.86,3.95,3.60,3.60,1246.48,4487.34
2/15/2016,3.77,4.05,3.76,3.86,1594.51,6153.94
2/14/2016,3.77,3.90,3.72,3.77,1401.54,5279.64
2/13/2016,3.80,3.86,3.70,3.77,1837.47,6921.56
2/12/2016,3.61,4.03,3.56,3.80,1356.47,5155.36
2/11/2016,4.00,4.00,3.57,3.61,1101.05,3976.99
2/10/2016,4.10,4.14,3.73,4.00,298.07,1193.21
2/9/2016,4.20,4.30,4.00,4.10,2024.30,8291.19
2/8/2016,4.26,4.31,4.11,4.20,389.11,1634.01
2/7/2016,4.30,4.37,4.20,4.26,261.07,1111.41
2/6/2016,4.33,4.43,4.12,4.30,242.41,1043.05
2/5/2016,4.34,4.47,4.19,4.33,260.18,1126.08
2/4/2016,4.14,4.49,4.13,4.34,154.38,670.44
2/3/2016,4.13,4.27,4.11,4.14,329.17,1361.18
2/2/2016,4.27,4.28,4.13,4.13,163.42,674.92
2/1/2016,4.20,4.27,4.16,4.27,303.78,1297.16
1/31/2016,4.33,4.38,4.00,4.20,438.34,1840.20
1/30/2016,4.28,4.60,4.25,4.33,472.04,2041.66
1/29/2016,4.32,4.46,4.04,4.28,192.80,825.07
1/28/2016,4.19,4.37,3.93,4.32,353.45,1526.03
1/27/2016,4.27,4.50,4.15,4.19,100.99,423.09
1/26/2016,4.28,4.70,3.90,4.27,197.58,843.40
1/25/2016,4.75,4.77,3.95,4.28,934.73,4000.82
1/24/2016,4.81,5.09,4.47,4.75,439.93,2087.88
1/23/2016,5.16,5.66,4.46,4.81,764.88,3681.71
1/22/2016,5.17,6.06,5.02,5.16,735.18,3795.82
1/21/2016,4.93,5.19,4.77,5.17,220.06,1138.28
1/20/2016,4.11,4.93,3.75,4.93,526.65,2598.38
1/19/2016,4.48,4.48,4.00,4.11,564.59,2322.98
1/18/2016,4.33,5.04,4.22,4.48,423.12,1895.60
1/17/2016,4.03,4.33,3.73,4.33,468.86,2028.43
1/16/2016,3.73,4.58,3.55,4.03,141062.52,568811.02
1/15/2016,3.33,3.94,3.31,3.66,12956.12,47419.64
1/14/2016,3.00,3.53,3.00,3.33,758.49,2522.37
1/13/2016,3.04,3.06,2.83,3.00,112.89,338.78
1/12/2016,3.10,3.10,2.90,3.04,546.92,1661.51
1/11/2016,3.03,3.33,3.03,3.10,190.80,591.58
1/10/2016,3.21,3.37,3.00,3.03,779.58,2359.76
1/9/2016,3.37,3.37,3.07,3.21,394.57,1266.76
1/8/2016,3.19,3.37,3.13,3.37,893.74,3009.65
1/7/2016,3.43,3.47,3.15,3.18,730.99,2325.54
1/6/2016,3.33,3.45,3.25,3.43,322.86,1108.96
1/5/2016,3.35,3.45,3.25,3.33,688.23,2291.37
1/4/2016,3.38,3.43,3.27,3.35,742.69,2487.03
1/3/2016,3.29,3.46,3.21,3.38,2204.21,7441.19
1/2/2016,3.28,3.47,3.23,3.29,702.66,2312.97
1/1/2016,3.34,3.64,3.27,3.28,389.41,1275.44
12/31/2015,3.44,3.57,3.18,3.34,753.69,2516.14
12/30/2015,2.97,3.78,2.97,3.44,890.75,3063.06
12/29/2015,2.80,2.97,2.78,2.97,519.39,1541.24
12/28/2015,2.80,2.83,2.67,2.80,206.79,578.45
12/27/2015,2.92,2.92,2.69,2.80,700.70,1960.99
12/26/2015,2.72,3.03,2.71,2.92,477.54,1394.85
12/25/2015,2.35,2.72,2.35,2.72,8.77,23.84
12/24/2015,2.45,2.52,2.35,2.35,270.09,633.92
12/23/2015,2.52,2.60,2.41,2.45,692.96,1697.28
12/22/2015,2.62,2.63,2.49,2.52,397.45,1002.22
12/21/2015,2.63,2.65,2.49,2.62,380.54,996.16
12/20/2015,2.61,2.65,2.49,2.63,541.14,1422.84
12/19/2015,2.57,2.63,2.49,2.61,543.72,1417.35
12/18/2015,2.57,2.66,2.57,2.57,361.70,931.22
12/17/2015,2.59,2.63,2.52,2.57,294.09,754.63
12/16/2015,2.60,2.61,2.54,2.59,142.58,369.92
12/15/2015,2.57,2.61,2.53,2.60,620.52,1615.07
12/14/2015,2.60,2.64,2.49,2.57,283.64,729.45
12/13/2015,2.49,2.60,2.41,2.60,501.09,1301.94
12/12/2015,2.60,2.60,2.39,2.49,787.49,1961.30
12/11/2015,2.55,2.62,2.45,2.60,264.95,689.35
12/10/2015,2.32,2.57,2.31,2.55,272.84,695.67
12/9/2015,2.26,2.74,2.17,2.33,895.49,2083.03
12/8/2015,2.35,2.35,2.22,2.24,174.88,390.98
12/7/2015,2.29,2.35,2.29,2.35,555.81,1305.66
12/6/2015,2.32,2.37,2.29,2.29,517.92,1184.67
12/5/2015,2.24,2.32,2.22,2.32,611.20,1418.01
12/4/2015,2.25,2.26,2.20,2.24,962.11,2157.04
12/3/2015,2.16,2.32,2.16,2.25,981.87,2211.03
12/2/2015,2.20,2.20,2.11,2.16,809.85,1751.04
12/1/2015,2.18,2.22,2.13,2.20,409.25,899.32
11/30/2015,2.18,2.20,2.15,2.18,800.40,1741.99
11/29/2015,2.16,2.21,2.15,2.18,832.20,1812.39
11/28/2015,2.18,2.19,2.10,2.16,829.60,1792.08
11/27/2015,2.17,2.23,2.08,2.18,438.98,955.94
11/26/2015,2.14,2.28,2.09,2.16,538.63,1162.48
11/25/2015,2.20,2.28,2.12,2.14,789.72,1691.91
11/24/2015,2.21,2.28,2.20,2.20,633.97,1394.76
11/23/2015,2.51,2.51,2.17,2.21,407.76,901.68
11/22/2015,2.50,2.63,2.31,2.51,312.56,783.16
11/21/2015,2.34,2.59,2.34,2.50,346.51,866.35
11/20/2015,2.38,2.51,2.34,2.34,236.89,555.05
11/19/2015,2.40,2.54,2.38,2.38,388.58,926.11
11/18/2015,2.50,2.52,2.38,2.40,374.16,896.20
11/17/2015,2.47,2.50,2.37,2.50,339.43,848.59
11/16/2015,2.47,2.50,2.22,2.47,478.34,1180.83
11/15/2015,2.51,2.54,2.39,2.47,347.12,857.57
11/14/2015,2.51,2.58,2.41,2.51,453.25,1139.35
11/13/2015,2.63,2.63,2.43,2.51,327.72,823.53
11/12/2015,2.30,2.72,2.30,2.63,723.22,1904.68
11/11/2015,2.40,2.48,2.25,2.30,1682.99,3872.65
11/10/2015,2.59,2.66,2.37,2.40,190.57,457.36
11/9/2015,2.70,2.77,2.43,2.59,908.53,2355.31
11/8/2015,2.68,2.75,2.63,2.70,399.12,1075.72
11/7/2015,2.57,2.73,2.57,2.68,142.33,382.07
11/6/2015,2.58,2.66,2.33,2.57,450.44,1159.65
11/5/2015,2.48,2.59,2.36,2.58,659.39,1702.17
11/4/2015,2.88,2.89,2.28,2.48,635.66,1574.94
11/3/2015,2.48,2.93,2.45,2.88,5489.14,15834.02
11/2/2015,2.89,3.17,2.40,2.48,310.25,768.86
11/1/2015,2.61,3.31,2.56,2.89,7157.49,20678.53
10/31/2015,2.50,2.64,2.44,2.61,262.84,685.00
10/30/2015,2.32,2.61,2.30,2.50,516.20,1292.94
10/29/2015,2.16,2.34,2.11,2.32,630.97,1464.43
10/28/2015,2.10,2.33,2.10,2.16,594.96,1284.01
10/27/2015,2.17,2.21,2.10,2.10,273.96,575.47
10/26/2015,2.15,2.47,2.15,2.17,250.90,544.36
10/25/2015,2.10,2.31,2.09,2.15,373.89,803.68
10/24/2015,2.27,2.35,2.10,2.10,246.47,517.23
10/23/2015,2.47,2.66,2.26,2.27,331.16,752.34
10/22/2015,2.42,2.54,2.23,2.47,312.76,771.77
10/21/2015,2.50,2.53,2.36,2.42,258.90,626.02
10/20/2015,2.44,2.51,2.35,2.50,329.86,823.07
10/19/2015,2.51,2.60,2.38,2.44,237.23,579.36
10/18/2015,2.37,2.61,2.27,2.51,255.66,642.75
10/17/2015,2.50,2.58,2.30,2.37,317.94,754.93
10/16/2015,2.37,2.55,2.35,2.50,347.30,868.85
10/15/2015,2.49,2.50,2.22,2.37,276.98,657.24
10/14/2015,2.47,2.50,2.37,2.50,538.72,1344.50
10/13/2015,2.51,2.55,2.33,2.49,342.16,851.50
10/12/2015,2.53,2.65,2.35,2.51,271.56,680.65
10/11/2015,2.64,2.69,2.41,2.53,318.72,804.85
10/10/2015,2.50,2.65,2.40,2.64,236.54,623.36
10/9/2015,2.60,2.65,2.33,2.50,245.46,613.82
10/8/2015,2.42,2.60,2.41,2.60,2228.45,5784.31
10/7/2015,2.47,2.63,2.41,2.42,2005.55,4854.52
10/6/2015,2.35,2.52,2.34,2.47,560.07,1383.80
10/5/2015,2.27,2.60,2.22,2.35,8541.45,20052.43
10/4/2015,2.27,2.48,2.20,2.27,499.87,1132.81
10/3/2015,2.40,2.46,2.27,2.27,248.45,563.99
10/2/2015,2.45,2.49,2.34,2.40,220.76,530.16
10/1/2015,2.46,2.46,2.33,2.45,227.02,555.85
9/30/2015,2.47,2.53,2.35,2.46,422.50,1040.72
9/29/2015,2.52,2.69,2.39,2.47,238.77,588.84
9/28/2015,2.48,2.54,2.35,2.52,288.81,728.49
9/27/2015,2.36,2.48,2.35,2.48,224.74,557.18
9/26/2015,2.31,2.42,2.29,2.36,458.28,1082.03
9/25/2015,2.35,2.44,2.31,2.31,177.49,409.66
9/24/2015,2.31,2.37,2.25,2.35,282.56,664.38
9/23/2015,2.46,2.46,2.07,2.31,60.50,140.03
9/22/2015,2.52,2.55,2.38,2.46,216.74,532.77
9/21/2015,2.50,2.53,2.47,2.52,1951.98,4925.25
9/20/2015,2.82,3.04,2.38,2.50,794.49,1985.60
9/19/2015,2.51,2.83,2.51,2.82,28.15,79.30
9/18/2015,2.56,2.56,2.42,2.51,902.06,2261.69
9/17/2015,2.39,2.56,2.39,2.56,79.30,202.96
9/16/2015,2.83,2.83,2.16,2.39,11.11,26.54
9/15/2015,2.72,2.84,2.58,2.83,1.25,3.55
9/14/2015,2.47,2.94,2.16,2.72,2.65,7.20
9/13/2015,2.23,2.47,2.18,2.47,1.17,2.89
9/12/2015,2.39,2.80,2.23,2.23,20.24,45.11
9/11/2015,2.47,2.50,2.23,2.39,7.56,18.05
9/10/2015,2.54,2.54,2.38,2.47,9.31,23.00
9/9/2015,2.38,2.61,2.38,2.54,642.40,1632.41
9/8/2015,2.43,2.43,2.23,2.38,557.69,1325.76
9/7/2015,2.50,2.52,2.43,2.43,255.94,622.24
9/6/2015,2.40,2.60,2.40,2.50,501.50,1253.69
9/5/2015,2.51,2.54,2.39,2.40,34.39,82.48
9/4/2015,2.50,2.52,2.46,2.51,196.57,494.05
9/3/2015,2.57,2.60,2.50,2.50,107.18,267.74
9/2/2015,2.57,2.80,2.55,2.57,80.99,208.18
9/1/2015,2.58,2.66,2.55,2.60,4.64,12.04
8/31/2015,2.59,2.61,2.55,2.58,4832.77,12459.05
8/30/2015,2.60,2.64,2.55,2.59,513.04,1327.09
8/29/2015,2.64,2.64,2.58,2.60,1144.10,2971.26
8/28/2015,2.57,2.64,2.50,2.64,346.34,915.73
8/27/2015,2.63,2.63,2.57,2.57,464.84,1194.94
8/26/2015,2.51,2.66,2.50,2.63,1079.83,2839.84
8/25/2015,2.36,2.51,2.21,2.51,2209.01,5548.47
8/24/2015,2.67,2.68,2.34,2.36,5719.71,13503.90
8/23/2015,2.71,2.74,2.63,2.67,322.14,859.67
8/22/2015,2.73,2.85,2.63,2.71,1670.76,4527.19
8/21/2015,2.75,2.81,2.73,2.73,220.25,602.33
8/20/2015,2.58,2.81,2.58,2.75,338.44,930.66
8/19/2015,2.66,2.83,2.55,2.58,3244.86,8379.93
8/18/2015,2.91,2.99,2.84,2.84,4189.48,11900.60
8/17/2015,2.98,3.15,2.91,2.91,1052.80,3058.47
8/16/2015,3.05,3.07,2.89,2.98,1949.73,5800.66
8/15/2015,3.01,3.10,3.01,3.05,685.57,2093.68
8/14/2015,3.10,3.10,3.00,3.01,2792.50,8397.42
8/13/2015,3.06,3.10,3.01,3.10,858.54,2660.81
8/12/2015,3.16,3.27,3.06,3.06,5997.44,18376.24
8/11/2015,3.08,3.23,3.08,3.16,2841.60,8974.98
8/10/2015,3.16,3.17,3.06,3.08,899.91,2776.17
8/9/2015,3.11,3.20,3.08,3.16,1478.95,4679.13
8/8/2015,3.28,3.32,3.12,3.12,1836.41,5727.97
8/7/2015,3.51,3.53,3.15,3.28,4748.96,15561.34
8/6/2015,3.58,3.60,3.51,3.51,959.46,3370.57
8/5/2015,3.64,3.69,3.58,3.58,767.82,2751.76
8/4/2015,3.62,3.73,3.60,3.64,937.03,3414.12
8/3/2015,3.66,3.67,3.59,3.62,445.42,1610.80
8/2/2015,3.61,3.67,3.56,3.66,549.41,2010.11
8/1/2015,3.63,3.69,3.55,3.61,830.07,2996.94
7/31/2015,3.60,3.71,3.60,3.63,1193.70,4331.89
7/30/2015,3.64,3.71,3.59,3.60,1074.06,3870.68
7/29/2015,3.72,3.74,3.54,3.64,2557.71,9317.13
7/28/2015,3.77,3.86,3.72,3.72,604.87,2248.77
7/27/2015,3.69,3.83,3.51,3.77,1896.27,7141.79
7/26/2015,3.78,3.88,3.68,3.69,555.44,2050.18
7/25/2015,3.71,3.79,3.65,3.78,459.69,1737.02
7/24/2015,3.60,3.75,3.54,3.71,1092.15,4054.54
7/23/2015,3.65,3.68,3.24,3.60,246.14,887.02
7/22/2015,3.62,3.66,3.51,3.65,425.87,1556.42
7/21/2015,3.76,3.77,3.60,3.60,1375.93,4958.83
7/20/2015,3.65,3.77,3.65,3.75,826.96,3105.20
7/19/2015,3.73,3.73,3.60,3.65,1154.32,4216.96
7/18/2015,3.74,4.06,3.70,3.73,1806.08,6731.80
7/17/2015,3.55,3.88,3.46,3.74,9249.04,34616.77
7/16/2015,3.69,3.83,3.50,3.55,3033.88,10779.28
7/15/2015,3.75,3.77,3.58,3.69,6628.64,24442.70
7/14/2015,3.77,3.85,3.70,3.75,4198.16,15754.44
7/13/2015,4.15,4.15,3.65,3.79,5986.25,22663.63
7/12/2015,3.85,4.30,3.82,4.16,2635.31,10967.99
7/11/2015,4.12,4.48,3.66,3.85,10932.29,42038.96
7/10/2015,3.13,4.41,3.09,4.10,8415.52,34491.05
7/9/2015,2.99,3.27,2.93,3.09,6154.55,18989.37
7/8/2015,3.00,3.05,2.96,2.99,2707.79,8104.71
7/7/2015,3.11,3.12,2.95,3.00,1487.95,4460.37
7/6/2015,3.10,3.20,3.06,3.11,1984.24,6163.32
7/5/2015,3.09,3.19,3.00,3.10,3141.94,9737.75
7/4/2015,2.96,3.09,2.94,3.09,1466.78,4528.49
7/3/2015,2.89,2.98,2.86,2.92,1088.98,3181.09
7/2/2015,2.84,2.91,2.80,2.89,834.27,2413.60
7/1/2015,2.88,2.90,2.77,2.84,1343.92,3812.77
6/30/2015,2.78,2.95,2.75,2.88,1920.81,5540.89
6/29/2015,2.73,2.81,2.69,2.80,1955.73,5473.09
6/28/2015,2.81,2.84,2.66,2.73,2151.44,5881.02
6/27/2015,2.82,2.92,2.73,2.81,2680.50,7532.15
6/26/2015,2.85,2.94,2.82,2.82,986.90,2786.89
6/25/2015,2.81,2.86,2.81,2.85,709.16,2020.72
6/24/2015,2.86,2.87,2.80,2.81,463.14,1303.36
6/23/2015,2.89,2.90,2.84,2.86,601.13,1719.63
6/22/2015,2.87,2.90,2.83,2.89,1298.42,3749.07
6/21/2015,2.89,2.92,2.81,2.87,297.15,854.17
6/20/2015,2.90,2.90,2.82,2.89,581.81,1684.04
6/19/2015,2.97,3.05,2.86,2.90,877.33,2546.82
6/18/2015,3.01,3.06,2.93,2.97,1231.72,3664.15
6/17/2015,3.00,3.24,2.90,3.01,2427.13,7314.78
6/16/2015,2.72,3.00,2.72,2.95,3238.53,9538.42
6/15/2015,2.80,2.82,2.71,2.72,315.98,859.85
6/14/2015,2.77,2.85,2.75,2.80,214.74,600.59
6/13/2015,2.78,2.85,2.75,2.77,266.57,739.50
6/12/2015,2.79,2.85,2.78,2.78,456.51,1267.74
6/11/2015,2.68,2.80,2.65,2.79,193.73,541.43
6/10/2015,2.78,2.78,2.67,2.68,239.64,641.75
6/9/2015,2.89,2.89,2.78,2.78,822.99,2285.33
6/8/2015,2.85,2.89,2.85,2.89,812.01,2347.48
6/7/2015,2.79,2.87,2.79,2.85,1182.69,3376.49
6/6/2015,2.81,2.85,2.79,2.79,52.37,146.22
6/5/2015,2.80,2.81,2.73,2.81,65.93,184.99
6/4/2015,2.73,2.80,2.71,2.80,167.97,470.32
6/3/2015,2.77,2.84,2.72,2.73,693.47,1892.97
6/2/2015,2.65,2.86,2.65,2.77,455.01,1258.70
6/1/2015,2.73,2.76,2.65,2.65,376.81,999.00
5/31/2015,2.72,2.75,2.72,2.73,611.93,1671.45
5/30/2015,2.82,2.83,2.70,2.72,275.22,749.29
5/29/2015,2.76,2.84,2.72,2.82,299.45,844.21
5/28/2015,2.65,2.86,2.57,2.76,1564.94,4326.85
5/27/2015,2.66,2.70,2.64,2.64,211.29,558.32
5/26/2015,2.85,2.87,2.65,2.66,1474.38,3924.08
5/25/2015,2.89,2.91,2.84,2.85,360.16,1025.99
5/24/2015,2.85,2.92,2.85,2.89,525.64,1517.41
5/23/2015,2.94,2.94,2.85,2.85,435.20,1240.74
5/22/2015,2.85,2.99,2.82,2.94,1403.01,4121.97
5/21/2015,2.87,2.88,2.81,2.85,764.58,2178.12
5/20/2015,2.90,2.91,2.75,2.87,117.30,336.73
5/19/2015,2.86,2.90,2.70,2.90,131.10,380.36
5/18/2015,2.91,2.95,2.67,2.86,886.82,2534.68
5/17/2015,2.99,3.00,2.90,2.94,671.40,1974.46
5/16/2015,2.91,3.05,2.90,2.99,737.83,2204.49
5/15/2015,2.81,2.97,2.81,2.91,685.79,1993.96
5/14/2015,2.71,2.81,2.67,2.81,158.00,444.35
5/13/2015,2.76,2.82,2.68,2.69,474.41,1275.85
5/12/2015,2.78,2.81,2.71,2.76,636.86,1756.25
5/11/2015,2.72,2.83,2.66,2.78,855.83,2375.44
5/10/2015,2.73,2.79,2.71,2.72,1089.92,2964.34
5/9/2015,2.80,2.83,2.72,2.73,609.32,1660.70
5/8/2015,2.90,2.90,2.73,2.83,1733.30,4898.91
5/7/2015,2.85,2.90,2.75,2.90,1002.46,2906.41
5/6/2015,2.86,3.00,2.84,2.87,452.85,1301.28
5/5/2015,2.92,2.93,2.82,2.86,309.34,883.81
5/4/2015,2.75,3.02,2.69,2.89,1070.07,3094.83
5/3/2015,2.82,2.84,2.43,2.73,881.75,2405.97
5/2/2015,2.80,2.83,2.79,2.82,940.87,2655.36
5/1/2015,2.98,2.98,2.72,2.80,1026.00,2872.06
4/30/2015,3.01,3.04,2.86,2.98,1652.92,4918.83
4/29/2015,2.93,3.02,2.92,3.01,373.96,1126.90
4/28/2015,2.98,3.03,2.90,2.93,1281.59,3753.99
4/27/2015,2.99,3.15,2.95,3.00,1135.00,3403.39
4/26/2015,3.00,3.15,2.94,2.99,1473.92,4412.58
4/25/2015,3.19,3.28,2.98,2.98,1459.72,4346.39
4/24/2015,3.61,3.61,3.02,3.19,5296.34,16890.30
4/23/2015,3.25,3.74,3.05,3.61,7615.44,27490.53
4/22/2015,2.88,3.36,2.85,3.25,5084.22,16509.71
4/21/2015,2.66,2.90,2.62,2.87,1174.46,3373.08
4/20/2015,2.79,2.84,2.66,2.66,1956.56,5211.15
4/19/2015,2.96,2.96,2.79,2.79,1442.74,4028.34
4/18/2015,2.86,2.96,2.79,2.96,219.13,647.69
4/17/2015,3.06,3.06,2.78,2.86,1721.99,4925.47
4/16/2015,2.97,3.11,2.97,3.06,439.76,1347.01
4/15/2015,3.11,3.16,2.95,2.97,1306.11,3877.01
4/14/2015,3.14,3.27,3.06,3.11,1244.37,3869.09
4/13/2015,3.20,3.34,3.13,3.14,755.56,2368.90
4/12/2015,3.38,3.46,3.20,3.20,1180.86,3773.43
4/11/2015,3.16,3.50,3.16,3.38,3061.85,10362.97
4/10/2015,3.42,3.52,3.11,3.16,1441.80,4562.99
4/9/2015,3.78,3.85,3.43,3.44,2176.77,7496.67
4/8/2015,3.84,3.92,3.63,3.78,2170.76,8207.19
4/7/2015,4.08,4.20,3.75,3.84,1269.04,4878.68
4/6/2015,4.11,4.26,4.02,4.08,594.81,2428.49
4/5/2015,4.17,4.25,3.90,4.11,951.10,3906.00
4/4/2015,4.42,4.42,4.00,4.17,2008.09,8364.44
4/3/2015,4.57,4.62,4.22,4.42,1344.47,5944.75
4/2/2015,3.78,4.67,3.78,4.57,2395.39,10937.12
4/1/2015,4.01,4.02,3.73,3.75,3966.46,14868.72
3/31/2015,4.32,4.39,4.00,4.01,1485.79,5961.35
3/30/2015,4.61,4.63,3.98,4.32,3983.05,17211.72
3/29/2015,4.93,5.08,4.59,4.61,2119.27,9769.42
3/28/2015,4.75,5.00,4.69,4.93,1410.97,6955.53
3/27/2015,4.98,5.06,4.71,4.75,463.97,2202.03
3/26/2015,5.29,5.47,4.79,4.98,2140.98,10667.37
3/25/2015,5.12,5.85,4.70,5.19,9523.72,49459.69
3/24/2015,4.89,5.22,4.67,5.12,2801.43,14356.05
3/23/2015,4.58,5.18,4.46,4.89,3952.12,19326.79
3/22/2015,4.66,4.88,4.36,4.58,2550.69,11690.52
3/21/2015,3.64,4.86,3.60,4.66,12967.37,60404.67
3/20/2015,3.39,3.85,3.34,3.64,6914.52,25153.36
3/19/2015,3.15,3.39,3.06,3.39,3276.32,11106.09
3/18/2015,3.24,3.43,3.07,3.15,4117.59,12952.79
3/17/2015,3.27,3.32,3.17,3.24,2118.16,6856.49
3/16/2015,3.12,3.32,2.89,3.27,3407.07,11130.71
3/15/2015,2.93,3.12,2.89,3.12,597.82,1867.31
3/14/2015,2.97,3.12,2.81,2.93,1509.41,4417.32
3/13/2015,3.13,3.13,2.82,2.97,4009.64,11910.27
3/12/2015,3.17,3.18,3.09,3.09,1124.07,3472.84
3/11/2015,3.03,3.53,3.03,3.17,2878.30,9125.54
3/10/2015,3.47,3.53,2.91,3.04,8573.50,26072.20
3/9/2015,3.36,3.66,3.21,3.47,2116.82,7351.43
3/8/2015,3.39,3.39,3.28,3.36,316.49,1062.56
3/7/2015,3.34,3.48,3.31,3.39,530.52,1795.94
3/6/2015,3.54,3.54,3.28,3.34,520.25,1738.07
3/5/2015,3.38,3.55,3.25,3.54,2912.98,10325.77
3/4/2015,3.48,3.79,3.36,3.38,3506.73,11870.02
3/3/2015,3.50,3.82,3.34,3.49,3895.27,13590.71
3/2/2015,3.29,3.50,3.24,3.50,10480.36,36731.53
3/1/2015,3.16,3.37,3.16,3.30,2442.15,8070.01
2/28/2015,3.04,3.28,2.94,3.16,2356.19,7451.93
2/27/2015,2.69,3.10,2.69,3.04,2264.81,6894.64
2/26/2015,2.81,2.81,2.69,2.69,1167.40,3143.98
2/25/2015,2.90,2.91,2.72,2.81,2540.20,7142.67
2/24/2015,2.57,3.01,2.51,2.90,5262.26,15237.31
2/23/2015,2.56,2.69,2.49,2.57,1588.22,4079.67
2/22/2015,2.87,2.98,2.51,2.56,2963.27,7596.99
2/21/2015,2.78,2.87,2.67,2.87,11293.04,32409.98
2/20/2015,2.80,2.80,2.68,2.78,404.63,1123.75
2/19/2015,2.84,2.85,2.70,2.80,878.82,2460.20
2/18/2015,2.72,2.85,2.54,2.84,898.09,2554.20
2/17/2015,2.77,2.77,2.69,2.72,1858.20,5045.79
2/16/2015,2.78,2.90,2.67,2.77,558.48,1546.58
2/15/2015,2.78,2.87,2.66,2.78,6943.13,19309.87
2/14/2015,2.99,3.18,2.73,2.78,1583.30,4402.73
2/13/2015,2.85,3.33,2.85,2.99,2573.13,7695.17
2/12/2015,3.25,3.43,2.72,2.85,4942.10,14068.79
2/11/2015,2.46,3.39,2.46,3.25,5872.59,19059.62
2/10/2015,2.17,2.49,2.03,2.46,3574.23,8775.30
2/9/2015,1.92,2.35,1.92,2.17,3532.60,7651.70
2/8/2015,1.96,1.97,1.92,1.92,949.52,1823.07
2/7/2015,1.93,1.96,1.93,1.95,823.33,1609.60
2/6/2015,1.78,1.93,1.78,1.93,465.29,899.71
2/5/2015,1.85,1.85,1.66,1.78,244.61,434.54
2/4/2015,1.81,1.92,1.70,1.85,1220.03,2254.77
2/3/2015,1.93,2.11,1.79,1.88,2447.70,4598.70
2/2/2015,1.90,1.94,1.78,1.93,3259.35,6295.78
2/1/2015,1.66,1.96,1.56,1.82,3482.84,6328.36
1/31/2015,1.66,1.68,1.65,1.66,2893.84,4808.66
1/30/2015,1.68,1.68,1.54,1.66,3617.12,6002.07
1/29/2015,1.70,1.73,1.55,1.68,2722.37,4582.80
1/28/2015,1.72,2.24,1.61,1.70,2869.74,4890.50
1/27/2015,1.88,2.27,1.63,1.72,2156.50,3709.92
1/26/2015,1.83,2.16,1.76,1.88,4922.28,9230.97
1/25/2015,1.72,1.87,1.67,1.83,3198.25,5857.99
1/24/2015,1.73,1.74,1.60,1.71,1442.55,2471.22
1/23/2015,1.64,1.74,1.57,1.59,4079.15,6501.87
1/22/2015,1.62,1.69,1.59,1.64,1805.63,2957.79
1/21/2015,1.44,1.62,1.44,1.62,1693.03,2735.53
1/20/2015,1.41,1.44,1.31,1.44,1968.91,2842.12
1/19/2015,1.37,1.43,1.27,1.41,2906.21,4084.46
1/18/2015,1.17,1.43,1.17,1.37,1431.38,1959.64
1/17/2015,1.40,1.40,1.14,1.18,2656.19,3124.80
1/16/2015,1.30,1.41,1.29,1.40,2298.28,3224.36
1/15/2015,1.17,1.45,1.09,1.31,2573.77,3367.52
1/14/2015,1.36,1.42,1.02,1.17,2905.64,3390.99
1/13/2015,1.66,1.66,1.36,1.36,1671.08,2278.12
1/12/2015,1.65,1.72,1.63,1.66,881.10,1466.50
1/11/2015,1.69,1.71,1.65,1.67,1070.08,1789.41
1/10/2015,1.74,1.76,1.67,1.69,1446.67,2440.79
1/9/2015,1.75,1.81,1.70,1.74,147.32,256.34
1/8/2015,1.73,1.75,1.70,1.75,22.59,39.54
1/7/2015,1.71,1.89,1.70,1.73,263.33,454.32
1/6/2015,1.70,1.71,1.65,1.71,105.13,179.68
1/5/2015,1.60,1.70,1.60,1.70,376.39,639.99
1/4/2015,1.68,1.73,1.58,1.60,1389.81,2225.96
1/3/2015,1.88,2.13,1.68,1.68,545.69,917.55
1/2/2015,1.93,2.24,1.88,1.88,311.15,584.75
1/1/2015,1.94,1.98,1.92,1.93,204.39,394.43
12/31/2014,1.84,1.96,1.83,1.94,287.35,558.05
12/30/2014,1.96,1.96,1.84,1.84,333.81,613.43
12/29/2014,1.91,1.96,1.83,1.96,30.66,60.15
12/28/2014,1.83,1.96,1.83,1.91,92.91,177.84
12/27/2014,2.01,2.04,1.81,1.83,142.29,259.76
12/26/2014,1.74,2.02,1.74,2.01,143.43,288.41
12/25/2014,1.88,1.89,1.67,1.74,129.68,225.70
12/24/2014,1.88,1.96,1.77,1.88,234.47,440.86
12/23/2014,1.86,1.94,1.73,1.88,287.57,541.75
12/22/2014,1.86,1.99,1.85,1.86,58.06,107.77
12/21/2014,1.93,1.99,1.82,1.86,198.27,369.35
12/20/2014,1.83,2.05,1.83,1.93,120.08,231.88
12/19/2014,1.80,1.87,1.76,1.83,526.06,961.34
12/18/2014,1.94,1.94,1.75,1.80,550.52,988.47
12/17/2014,2.00,2.00,1.80,1.94,998.64,1937.87
12/16/2014,2.18,2.18,2.00,2.00,1211.13,2421.11
12/15/2014,2.23,2.27,2.15,2.18,243.95,530.94
12/14/2014,2.23,2.25,2.22,2.23,211.77,473.14
12/13/2014,2.09,2.24,2.09,2.23,274.68,611.92
12/12/2014,2.28,2.34,1.99,2.09,128.16,267.57
12/11/2014,2.24,2.34,2.20,2.28,421.33,961.88
12/10/2014,2.21,2.36,2.21,2.24,143.62,321.83
12/9/2014,2.31,2.31,2.19,2.21,166.11,367.74
12/8/2014,2.39,2.39,2.30,2.31,547.29,1263.45
12/7/2014,2.37,2.42,2.33,2.39,394.83,942.17
12/6/2014,2.35,2.42,2.32,2.37,114.12,270.74
12/5/2014,2.34,2.39,2.33,2.35,563.38,1324.63
12/4/2014,2.41,2.49,2.34,2.34,473.34,1108.50
12/3/2014,2.44,2.49,2.37,2.41,839.28,2020.37
12/2/2014,2.45,2.49,2.32,2.44,1281.21,3128.49
12/1/2014,2.40,2.47,2.40,2.45,23.45,57.47
11/30/2014,2.39,2.42,2.36,2.40,230.95,555.10
11/29/2014,2.41,2.45,2.36,2.39,440.18,1052.87
11/28/2014,2.32,2.42,2.30,2.41,704.96,1702.08
11/27/2014,2.35,2.46,2.32,2.32,1530.32,3554.21
11/26/2014,2.40,2.44,2.35,2.35,472.71,1111.31
11/25/2014,2.33,2.44,2.31,2.40,579.88,1389.72
11/24/2014,2.29,2.42,2.24,2.33,2005.75,4675.87
11/23/2014,2.30,2.41,2.28,2.35,590.92,1386.12
11/22/2014,2.29,2.35,2.05,2.30,1438.98,3305.97
11/21/2014,2.27,2.43,2.18,2.29,2363.93,5404.71
11/20/2014,2.32,2.53,2.27,2.27,573.02,1298.70
11/19/2014,2.37,2.44,2.31,2.32,1426.02,3306.19
11/18/2014,2.30,2.45,2.21,2.37,1789.73,4243.33
11/17/2014,2.75,2.83,2.31,2.39,2322.44,5557.77
11/16/2014,2.55,2.75,2.53,2.75,2986.21,8202.66
11/15/2014,2.41,2.53,2.23,2.43,960.68,2331.54
11/14/2014,2.62,2.62,2.36,2.41,1357.69,3272.47
11/13/2014,2.64,2.79,2.47,2.60,1081.18,2808.41
11/12/2014,2.33,2.82,2.33,2.64,1829.56,4821.73
11/11/2014,2.59,2.65,2.27,2.43,1305.46,3176.07
11/10/2014,3.00,3.01,2.44,2.59,2470.25,6400.36
11/9/2014,2.77,3.05,2.69,3.00,2708.71,8118.08
11/8/2014,2.09,2.77,2.09,2.77,2591.33,7184.13
11/7/2014,2.02,2.50,2.00,2.09,5051.19,10551.45
11/6/2014,1.74,2.68,1.72,1.99,3575.24,7112.43
11/5/2014,1.61,1.78,1.61,1.74,1543.13,2682.27
11/4/2014,1.66,1.70,1.54,1.61,339.41,547.50
11/3/2014,1.57,1.66,1.57,1.66,335.54,555.35
11/2/2014,1.61,1.71,1.57,1.57,2085.85,3279.17
11/1/2014,1.80,1.80,1.61,1.61,434.99,701.26
10/31/2014,1.80,1.93,1.71,1.80,708.84,1274.81
10/30/2014,1.58,1.82,1.58,1.80,882.71,1587.76
10/29/2014,1.90,1.91,1.50,1.58,3737.22,5907.56
10/28/2014,1.92,1.97,1.86,1.90,729.04,1383.72
10/27/2014,1.91,2.00,1.89,1.92,107.83,207.53
10/26/2014,1.99,2.03,1.91,1.91,864.71,1653.58
10/25/2014,2.02,2.02,1.97,1.97,1667.08,3277.17
10/24/2014,2.10,2.12,2.02,2.02,19.81,39.93
10/23/2014,2.02,2.10,1.98,2.10,264.40,554.58
10/22/2014,2.00,2.22,1.99,2.02,358.90,723.49
10/21/2014,2.23,2.43,2.00,2.00,828.81,1659.23
10/20/2014,2.25,2.25,2.09,2.23,79.33,177.04
10/19/2014,2.35,2.46,2.21,2.25,236.37,532.15
10/18/2014,2.41,2.50,2.19,2.35,252.58,593.53
10/17/2014,2.18,2.50,2.01,2.41,1066.95,2575.76
10/16/2014,2.00,2.29,2.00,2.18,366.57,800.78
10/15/2014,2.14,2.22,1.97,2.00,376.45,751.49
10/14/2014,2.39,2.56,2.01,2.14,2078.62,4451.07
10/13/2014,2.02,2.45,2.02,2.39,715.82,1708.59
10/12/2014,2.07,2.22,2.01,2.02,228.66,461.57
10/11/2014,2.26,2.31,1.99,2.07,939.11,1947.01
10/10/2014,2.32,2.44,2.17,2.26,638.72,1443.12
10/9/2014,2.25,2.48,2.17,2.32,471.01,1092.51
10/8/2014,2.26,2.32,2.10,2.25,506.65,1140.72
10/7/2014,2.24,2.48,2.07,2.26,1280.35,2899.68
10/6/2014,2.33,2.49,2.08,2.24,478.40,1072.68
10/5/2014,2.26,2.37,2.06,2.33,1183.79,2764.02
10/4/2014,2.40,2.53,2.15,2.26,593.33,1338.08
10/3/2014,2.43,2.53,2.33,2.40,421.91,1012.76
10/2/2014,2.53,2.62,2.43,2.43,340.62,828.38
10/1/2014,2.73,2.92,2.45,2.53,1314.23,3320.70
9/30/2014,2.80,2.98,2.70,2.78,635.97,1771.10
9/29/2014,2.93,3.08,2.80,2.80,758.36,2123.57
9/28/2014,2.77,3.06,2.77,2.93,595.67,1745.68
9/27/2014,2.89,3.04,2.77,2.77,88.66,245.93
9/26/2014,3.06,3.31,2.82,2.89,423.32,1222.41
9/25/2014,3.44,3.44,2.92,3.06,315.64,965.61
9/24/2014,3.44,3.52,3.34,3.44,261.42,899.23
9/23/2014,3.36,3.52,3.20,3.44,422.53,1453.13
9/22/2014,2.88,3.39,2.88,3.36,128.64,431.97
9/21/2014,3.18,3.22,2.88,2.88,160.73,463.03
9/20/2014,3.41,3.50,3.11,3.18,325.58,1035.79
9/19/2014,3.82,3.99,2.45,3.41,10218.81,34822.87
9/18/2014,3.71,3.89,3.55,3.83,3544.00,13576.47
9/17/2014,3.27,3.77,3.27,3.71,1920.76,7125.57
9/16/2014,3.09,3.30,2.99,3.29,255.38,839.39
9/15/2014,2.79,3.45,2.79,3.09,1341.73,4145.68
9/14/2014,2.90,2.93,2.79,2.79,183.14,511.18
9/13/2014,2.82,2.92,2.81,2.90,239.94,695.34
9/12/2014,2.85,2.86,2.78,2.79,408.53,1137.97
9/11/2014,2.86,2.88,2.80,2.85,184.09,523.76
9/10/2014,2.88,2.94,2.83,2.86,349.60,1000.06
9/9/2014,2.81,3.00,2.77,2.88,540.18,1555.37
9/8/2014,2.94,2.94,2.72,2.81,234.41,659.02
9/7/2014,3.05,3.17,2.88,2.94,581.53,1709.70
9/6/2014,2.90,3.28,2.89,3.05,2300.43,7010.83
9/5/2014,3.34,3.34,2.70,2.90,5501.43,15946.48
9/4/2014,2.67,3.41,2.58,3.34,1907.82,6380.71
9/3/2014,2.29,3.07,2.28,2.67,1234.56,3300.16
9/2/2014,2.31,2.44,2.24,2.29,64.88,148.58
9/1/2014,2.44,2.45,2.20,2.31,472.40,1090.97
8/31/2014,2.43,2.48,2.32,2.44,439.95,1074.30
8/30/2014,2.53,2.60,2.39,2.43,294.10,716.09
8/29/2014,2.41,2.69,2.38,2.53,380.88,961.92
8/28/2014,2.45,2.59,2.19,2.41,358.32,862.45
8/27/2014,2.82,2.85,2.24,2.45,1020.05,2497.71
8/26/2014,2.72,2.95,2.52,2.82,584.17,1649.50
8/25/2014,3.17,3.18,2.71,2.71,180.45,489.16
8/24/2014,2.99,3.17,2.99,3.17,244.16,773.71
8/23/2014,3.22,3.28,2.89,2.99,407.44,1218.26
8/22/2014,3.34,3.48,2.88,3.22,1209.58,3894.84
8/21/2014,3.69,3.96,3.34,3.34,1619.22,5401.12
8/20/2014,3.28,4.57,3.17,3.69,4772.67,17607.09
8/19/2014,1.56,3.26,1.54,2.97,6829.19,20254.75
8/18/2014,2.45,2.63,1.56,1.56,11925.49,18620.07
8/17/2014,3.20,3.27,2.44,2.45,9834.06,24102.45
8/16/2014,3.58,3.60,3.08,3.24,1405.82,4550.11
8/15/2014,3.94,4.45,3.41,3.56,1235.39,4401.86
8/14/2014,4.87,4.90,3.94,3.94,634.25,2499.37
8/13/2014,5.01,5.15,4.19,4.87,1937.85,9436.18
8/12/2014,5.13,5.13,4.91,5.03,166.30,836.03
8/11/2014,5.54,5.86,5.12,5.13,615.50,3160.10
8/10/2014,5.92,5.97,5.51,5.52,127.22,702.54
8/9/2014,5.91,5.95,5.75,5.92,136.19,805.63
8/8/2014,5.59,5.91,5.59,5.91,557.15,3295.19
8/7/2014,5.63,5.70,5.52,5.59,198.72,1111.57
8/6/2014,5.45,5.71,5.41,5.63,445.21,2508.38
8/5/2014,5.45,5.67,5.36,5.46,516.34,2816.67
8/4/2014,5.71,5.80,5.39,5.45,460.89,2510.14
8/3/2014,5.68,5.75,5.58,5.71,460.01,2627.69
8/2/2014,5.71,5.95,5.52,5.68,1586.11,9013.58
8/1/2014,5.41,5.73,5.07,5.71,1755.25,10014.76
7/31/2014,4.33,5.50,4.33,5.41,1271.01,6881.06
7/30/2014,4.85,4.97,4.33,4.33,1005.63,4355.04
7/29/2014,5.09,5.27,4.76,4.85,556.73,2697.53
7/28/2014,5.79,5.81,5.02,5.09,3871.60,19714.26
7/27/2014,5.96,5.96,5.74,5.79,196.57,1138.73
7/26/2014,6.04,6.08,5.82,5.96,179.20,1068.28
7/25/2014,6.00,7.00,5.93,6.04,581.74,3513.98
7/24/2014,6.30,6.39,5.88,6.00,1183.47,7097.71
7/23/2014,6.35,6.47,6.28,6.30,59.63,375.66
7/22/2014,6.58,7.03,6.35,6.35,2096.30,13308.45
7/21/2014,7.53,7.53,6.55,6.58,381.87,2512.43
7/20/2014,7.42,7.62,7.13,7.53,156.67,1180.22
7/19/2014,7.77,7.83,7.13,7.42,39.96,296.55
7/18/2014,7.97,8.04,6.78,7.77,211.85,1646.04
7/17/2014,6.39,8.75,6.37,7.97,1073.62,8559.96
7/16/2014,6.41,6.77,5.62,6.39,553.02,3533.13
7/15/2014,6.06,6.54,5.82,6.40,446.05,2852.94
7/14/2014,6.50,6.58,6.06,6.06,194.28,1177.82
7/13/2014,6.76,6.83,6.48,6.50,1657.99,10771.14
7/12/2014,6.82,6.89,6.56,6.76,228.80,1547.23
7/11/2014,6.53,7.23,6.53,6.82,415.95,2837.79
7/10/2014,7.32,7.46,6.51,6.53,931.35,6078.51
7/9/2014,6.99,7.50,6.99,7.32,61.43,449.41
7/8/2014,6.80,7.40,6.65,6.99,278.03,1942.22
7/7/2014,6.40,8.47,5.99,6.80,1390.31,9454.09
7/6/2014,7.69,7.70,6.40,6.40,369.22,2363.03
7/5/2014,8.00,8.00,6.91,7.69,635.51,4887.08
7/4/2014,8.27,8.27,7.75,8.00,279.75,2237.98
7/3/2014,7.05,8.27,6.55,8.27,863.92,7144.58
7/2/2014,7.80,8.78,7.05,7.05,1070.59,7547.63
7/1/2014,8.79,9.19,7.80,7.80,480.04,3744.78
6/30/2014,9.25,9.45,8.44,8.79,2433.08,21374.58
6/29/2014,9.96,9.96,9.25,9.25,802.59,7423.92
6/28/2014,10.01,10.63,9.60,9.96,1042.00,10381.40
6/27/2014,10.00,10.64,9.57,10.01,1606.31,16079.16
6/26/2014,9.29,10.50,9.12,10.00,702.03,7020.25
6/25/2014,9.04,9.40,9.04,9.29,1710.78,15888.02
